Invoice ID,Customer Name,Invoice Date,Due Date,Payment Date,Invoice Amount,Amount Paid,Outstanding Balance,Days Past Due
INV1000,PQR Enterprises,2023-01-27,2023-04-20,2023-04-15,3703.37,3703.37,0.0,0
INV1001,ABC Corp,2023-06-09,2023-08-10,2023-08-05,2448.45,2448.45,0.0,0
INV1002,XYZ Ltd,2023-04-20,2023-09-24,2023-10-04 00:00:00,892.31,482.07,410.23999999999995,81
INV1003,DEF Solutions,2023-05-17,2024-03-26,2024-04-05 00:00:00,1470.83,434.29,1036.54,356
INV1004,LMN Inc,2023-08-17,2023-10-13,2023-10-23 00:00:00,2754.77,1596.05,1158.72,209
INV1005,LMN Inc,2023-10-05,2024-08-16,2024-08-16,1652.43,1652.43,0.0,0
INV1006,XYZ Ltd,2023-12-02,2024-07-29,2024-07-24,1037.94,1037.94,0.0,0
INV1007,PQR Enterprises,2023-05-24,2023-07-27,,817.86,0.0,817.86,91
INV1008,DEF Solutions,2023-11-12,2024-08-17,2024-08-17,1051.32,1051.32,0.0,0
INV1009,XYZ Ltd,2023-05-21,2023-12-18,2024-01-07 00:00:00,2924.24,1031.41,1892.8299999999997,153
INV1010,XYZ Ltd,2023-05-26,2023-10-20,2023-11-19 00:00:00,4589.5,3094.47,1495.0300000000002,86
INV1011,ABC Corp,2023-10-19,2024-07-30,2024-07-20,3370.71,3370.71,0.0,0
INV1012,PQR Enterprises,2023-04-08,2024-03-29,2024-03-29,1935.77,1935.77,0.0,0
INV1013,DEF Solutions,2023-05-20,2024-02-28,2024-02-28,2602.15,2602.15,0.0,0
INV1014,DEF Solutions,2023-09-18,2024-07-12,2024-07-07,4262.03,4262.03,0.0,0
INV1015,XYZ Ltd,2023-04-20,2023-09-07,2023-09-02,4171.59,4171.59,0.0,0
INV1016,LMN Inc,2023-10-26,2024-03-06,2024-03-01,2963.89,2963.89,0.0,0
INV1017,PQR Enterprises,2023-01-22,2023-09-29,2023-09-24,4861.09,4861.09,0.0,0
INV1018,XYZ Ltd,2023-04-13,2023-08-19,2023-08-24 00:00:00,4463.45,1516.24,2947.21,117
INV1019,ABC Corp,2023-05-10,2023-11-19,2023-11-14,4362.96,4362.96,0.0,0
INV1020,LMN Inc,2023-11-04,2024-01-18,2024-01-13,4503.78,4503.78,0.0,0
INV1021,PQR Enterprises,2023-04-06,2023-09-06,2023-09-16 00:00:00,717.9,595.07,122.82999999999993,87
INV1022,PQR Enterprises,2023-04-22,2023-10-09,2023-09-29,4340.86,4340.86,0.0,0
INV1023,LMN Inc,2023-08-14,2023-10-04,2023-10-04,3287.25,3287.25,0.0,0
INV1024,DEF Solutions,2023-10-21,2024-08-02,2024-08-22 00:00:00,4844.72,2971.84,1872.88,227
INV1025,XYZ Ltd,2023-09-18,2024-03-09,2024-03-09,1593.88,1593.88,0.0,0
INV1026,XYZ Ltd,2023-09-25,2023-10-30,2023-10-30,4088.42,4088.42,0.0,0
INV1027,ABC Corp,2023-09-05,2024-02-14,2024-02-09,3782.11,3782.11,0.0,0
INV1028,DEF Solutions,2023-01-19,2023-03-20,2023-03-10,4629.66,4629.66,0.0,0
INV1029,PQR Enterprises,2023-09-02,2024-02-18,2024-02-13,4251.6,4251.6,0.0,0
INV1030,XYZ Ltd,2023-02-25,2023-05-22,2023-05-17,4236.14,4236.14,0.0,0
INV1031,ABC Corp,2023-07-03,2024-04-22,2024-04-17,517.63,517.63,0.0,0
INV1032,DEF Solutions,2023-11-01,2024-03-06,2024-02-25,2459.84,2459.84,0.0,0
INV1033,PQR Enterprises,2023-10-11,2024-03-04,,3764.82,0.0,3764.82,93
INV1034,LMN Inc,2023-09-14,2024-05-25,2024-05-25,574.69,574.69,0.0,0
INV1035,DEF Solutions,2023-09-09,2024-05-13,2024-05-08,1934.47,1934.47,0.0,0
INV1036,ABC Corp,2023-03-04,2023-11-17,2023-11-12,1647.45,1647.45,0.0,0
INV1037,LMN Inc,2023-02-20,2024-02-04,2024-02-04,4006.07,4006.07,0.0,0
INV1038,DEF Solutions,2023-07-15,2024-04-17,2024-04-17,882.98,882.98,0.0,0
INV1039,ABC Corp,2023-06-08,2023-09-11,2023-09-01,3724.54,3724.54,0.0,0
INV1040,ABC Corp,2023-05-23,2023-08-07,2023-07-28,2583.3,2583.3,0.0,0
INV1041,ABC Corp,2023-03-07,2023-10-31,2023-10-26,1721.74,1721.74,0.0,0
INV1042,PQR Enterprises,2023-04-07,2023-05-20,2023-05-15,1111.61,1111.61,0.0,0
INV1043,PQR Enterprises,2023-09-02,2023-12-17,2023-12-17,4617.79,4617.79,0.0,0
INV1044,LMN Inc,2023-06-10,2024-01-22,2024-01-22,851.68,851.68,0.0,0
INV1045,ABC Corp,2023-09-04,2024-07-09,,3362.33,0.0,3362.33,251
INV1046,DEF Solutions,2023-04-15,2024-02-03,2024-02-03,3153.81,3153.81,0.0,0
INV1047,DEF Solutions,2023-07-06,2024-02-20,2024-03-21 00:00:00,2985.17,709.19,2275.98,182
INV1048,DEF Solutions,2023-05-08,2023-10-26,2023-10-21,2715.9,2715.9,0.0,0
INV1049,PQR Enterprises,2023-05-20,2023-09-21,2023-10-11 00:00:00,3493.02,3418.59,74.42999999999984,160
INV1050,DEF Solutions,2023-10-10,2024-03-30,2024-03-30,4354.54,4354.54,0.0,0
INV1051,ABC Corp,2023-11-01,2024-10-25,2024-10-15,4818.9,4818.9,0.0,0
INV1052,DEF Solutions,2023-08-06,2024-04-03,2024-03-29,1545.05,1545.05,0.0,0
INV1053,ABC Corp,2023-07-25,2024-01-18,2024-01-13,1699.95,1699.95,0.0,0
INV1054,LMN Inc,2023-05-19,2024-02-18,2024-02-18,2081.93,2081.93,0.0,0
INV1055,LMN Inc,2023-04-23,2024-03-14,2024-03-09,4631.2,4631.2,0.0,0
INV1056,XYZ Ltd,2023-09-17,2024-07-15,2024-07-15,1639.67,1639.67,0.0,0
INV1057,ABC Corp,2023-07-23,2024-02-22,2024-02-17,4149.81,4149.81,0.0,0
INV1058,DEF Solutions,2023-07-19,2024-07-09,2024-08-08 00:00:00,2805.44,1623.1,1182.3400000000001,251
INV1059,ABC Corp,2023-07-08,2024-01-12,2024-02-11 00:00:00,1779.78,1585.39,194.38999999999987,103
INV1060,DEF Solutions,2023-09-23,2023-11-13,2023-11-13,1862.62,1862.62,0.0,0
INV1061,DEF Solutions,2023-01-07,2023-03-08,2023-02-26,1560.42,1560.42,0.0,0
INV1062,PQR Enterprises,2023-05-26,2024-03-03,2024-03-03,4629.1,4629.1,0.0,0
INV1063,XYZ Ltd,2023-12-05,2024-10-14,2024-10-04,4627.95,4627.95,0.0,0
INV1064,PQR Enterprises,2023-11-19,2024-08-17,2024-08-12,4058.26,4058.26,0.0,0
INV1065,DEF Solutions,2023-08-10,2024-04-27,2024-04-22,3073.6,3073.6,0.0,0
INV1066,LMN Inc,2023-11-15,2024-07-11,2024-07-01,4645.93,4645.93,0.0,0
INV1067,LMN Inc,2023-09-14,2024-08-17,2024-08-12,1148.87,1148.87,0.0,0
INV1068,ABC Corp,2023-10-08,2023-12-15,2023-12-10,1381.71,1381.71,0.0,0
INV1069,XYZ Ltd,2023-03-04,2023-05-27,2023-05-22,4006.75,4006.75,0.0,0
INV1070,PQR Enterprises,2023-11-22,2024-05-06,2024-05-06,1200.7,1200.7,0.0,0
INV1071,DEF Solutions,2023-08-23,2024-03-04,2024-02-28,1558.6,1558.6,0.0,0
INV1072,DEF Solutions,2023-08-01,2024-03-23,2024-03-13,1816.57,1816.57,0.0,0
INV1073,DEF Solutions,2023-01-16,2023-06-03,2023-05-24,3797.54,3797.54,0.0,0
INV1074,LMN Inc,2023-08-27,2024-05-05,2024-04-30,1988.55,1988.55,0.0,0
INV1075,ABC Corp,2023-08-13,2023-10-13,2023-10-08,3359.48,3359.48,0.0,0
INV1076,ABC Corp,2023-01-09,2023-12-25,2023-12-30 00:00:00,719.81,467.29,252.51999999999992,203
INV1077,ABC Corp,2023-04-23,2024-04-15,2024-04-30 00:00:00,3833.77,3744.86,88.90999999999985,336
INV1078,LMN Inc,2023-06-07,2023-12-27,2023-12-27,1035.71,1035.71,0.0,0
INV1079,LMN Inc,2023-09-21,2024-05-21,2024-05-26 00:00:00,1615.79,612.18,1003.61,300
INV1080,DEF Solutions,2023-07-24,2023-11-28,2023-11-18,1815.99,1815.99,0.0,0
INV1081,DEF Solutions,2023-12-06,2024-05-04,2024-04-29,1418.27,1418.27,0.0,0
INV1082,LMN Inc,2023-10-25,2024-10-01,2024-09-26,4041.29,4041.29,0.0,0
INV1083,DEF Solutions,2023-06-15,2023-09-07,2023-09-07,4221.78,4221.78,0.0,0
INV1084,ABC Corp,2023-01-13,2023-07-21,,685.7,0.0,685.7,183
INV1085,LMN Inc,2023-04-02,2024-01-30,2024-01-30,4456.09,4456.09,0.0,0
INV1086,LMN Inc,2023-03-20,2023-06-28,2023-06-18,613.9,613.9,0.0,0
INV1087,DEF Solutions,2023-05-10,2024-02-02,2024-02-22 00:00:00,3626.76,1575.02,2051.7400000000002,95
INV1088,XYZ Ltd,2023-02-23,2023-06-05,,2655.45,0.0,2655.45,142
INV1089,LMN Inc,2023-06-10,2023-10-20,2023-11-09 00:00:00,4641.43,621.89,4019.5400000000004,201
INV1090,XYZ Ltd,2023-11-19,2024-03-22,2024-03-22,2077.44,2077.44,0.0,0
INV1091,DEF Solutions,2023-03-11,2024-02-12,2024-02-02,3787.56,3787.56,0.0,0
INV1092,LMN Inc,2023-11-11,2024-05-21,2024-05-16,1635.45,1635.45,0.0,0
INV1093,ABC Corp,2023-07-26,2023-10-26,2023-10-21,960.26,960.26,0.0,0
INV1094,XYZ Ltd,2023-09-25,2024-03-28,2024-03-18,2144.09,2144.09,0.0,0
INV1095,PQR Enterprises,2023-04-23,2024-04-12,2024-04-07,2343.11,2343.11,0.0,0
INV1096,LMN Inc,2023-07-07,2024-05-29,2024-05-24,1510.05,1510.05,0.0,0
INV1097,XYZ Ltd,2023-08-05,2024-05-14,2024-06-03 00:00:00,1881.43,38.22,1843.21,307
INV1098,PQR Enterprises,2023-08-26,2024-07-26,2024-07-21,3933.21,3933.21,0.0,0
INV1099,DEF Solutions,2023-02-07,2023-12-25,2023-12-15,3428.73,3428.73,0.0,0
INV1100,DEF Solutions,2023-01-04,2023-10-24,2023-10-14,4341.04,4341.04,0.0,0
INV1101,ABC Corp,2023-06-26,2024-01-02,2023-12-23,574.63,574.63,0.0,0
INV1102,ABC Corp,2023-01-27,2023-12-14,2023-12-09,4259.65,4259.65,0.0,0
INV1103,DEF Solutions,2023-11-27,2024-11-05,2024-10-31,4085.12,4085.12,0.0,0
INV1104,ABC Corp,2023-04-11,2023-10-01,2023-10-01,4039.07,4039.07,0.0,0
INV1105,PQR Enterprises,2023-07-05,2023-08-29,2023-08-24,2213.89,2213.89,0.0,0
INV1106,LMN Inc,2023-04-09,2024-03-08,2024-03-08,3136.59,3136.59,0.0,0
INV1107,LMN Inc,2023-03-09,2023-11-06,2023-11-01,3856.33,3856.33,0.0,0
INV1108,PQR Enterprises,2023-08-19,2024-04-23,2024-04-13,4933.3,4933.3,0.0,0
INV1109,PQR Enterprises,2023-07-15,2024-01-16,2024-01-16,4847.77,4847.77,0.0,0
INV1110,DEF Solutions,2023-02-25,2023-04-15,2023-04-10,1806.38,1806.38,0.0,0
INV1111,ABC Corp,2023-04-12,2023-10-20,2023-10-15,3308.8,3308.8,0.0,0
INV1112,PQR Enterprises,2023-11-17,2024-03-14,2024-03-19 00:00:00,3231.54,936.74,2294.8,87
INV1113,PQR Enterprises,2023-12-01,2024-10-29,2024-11-18 00:00:00,2482.24,344.71,2137.5299999999997,139
INV1114,DEF Solutions,2023-09-18,2024-06-26,2024-06-16,2392.03,2392.03,0.0,0
INV1115,LMN Inc,2023-01-28,2023-07-22,2023-08-11 00:00:00,3446.26,133.79,3312.4700000000003,96
INV1116,XYZ Ltd,2023-07-07,2024-02-09,2024-03-10 00:00:00,2267.19,568.04,1699.15,195
INV1117,XYZ Ltd,2023-11-18,2024-03-26,2024-03-26,4089.7,4089.7,0.0,0
INV1118,DEF Solutions,2023-06-28,2023-08-14,2023-08-04,3864.36,3864.36,0.0,0
INV1119,LMN Inc,2023-03-09,2023-05-13,2023-05-13,911.23,911.23,0.0,0
INV1120,XYZ Ltd,2023-03-06,2023-11-17,2023-11-07,4488.86,4488.86,0.0,0
INV1121,XYZ Ltd,2023-01-22,2023-05-09,2023-05-04,2129.46,2129.46,0.0,0
INV1122,DEF Solutions,2023-08-09,2024-03-14,2024-03-09,1077.98,1077.98,0.0,0
INV1123,PQR Enterprises,2023-05-27,2024-03-20,2024-03-10,4709.52,4709.52,0.0,0
INV1124,DEF Solutions,2023-11-21,2024-02-12,2024-02-02,3800.99,3800.99,0.0,0
INV1125,LMN Inc,2023-11-09,2024-08-07,2024-08-02,4258.21,4258.21,0.0,0
INV1126,DEF Solutions,2023-03-27,2023-08-21,2023-08-31 00:00:00,1806.35,15.91,1790.4399999999998,190
INV1127,PQR Enterprises,2023-01-10,2023-09-24,2023-09-19,2135.01,2135.01,0.0,0
INV1128,LMN Inc,2023-10-05,2023-11-29,2023-11-24,4549.74,4549.74,0.0,0
INV1129,ABC Corp,2023-07-26,2024-03-02,2024-02-26,3550.18,3550.18,0.0,0
INV1130,PQR Enterprises,2023-03-10,2023-07-29,2023-08-08 00:00:00,1824.06,795.31,1028.75,201
INV1131,LMN Inc,2023-04-11,2023-08-24,2023-08-14,3851.81,3851.81,0.0,0
INV1132,PQR Enterprises,2023-06-10,2023-07-13,2023-07-03,2136.88,2136.88,0.0,0
INV1133,DEF Solutions,2023-08-21,2024-07-01,2024-07-01,1469.86,1469.86,0.0,0
INV1134,LMN Inc,2023-01-20,2023-10-29,2023-10-24,3387.85,3387.85,0.0,0
INV1135,LMN Inc,2023-11-19,2024-05-11,2024-05-11,2371.85,2371.85,0.0,0
INV1136,ABC Corp,2023-11-03,2024-08-04,2024-07-30,2680.72,2680.72,0.0,0
INV1137,ABC Corp,2023-04-24,2023-07-22,2023-07-17,1235.17,1235.17,0.0,0
INV1138,ABC Corp,2023-05-15,2023-07-29,2023-07-19,2035.41,2035.41,0.0,0
INV1139,ABC Corp,2023-10-09,2024-08-04,2024-07-25,698.7,698.7,0.0,0
INV1140,PQR Enterprises,2023-05-20,2023-12-17,2023-12-17,2295.95,2295.95,0.0,0
INV1141,ABC Corp,2023-03-17,2023-06-24,2023-06-19,3016.43,3016.43,0.0,0
INV1142,PQR Enterprises,2023-06-28,2024-01-10,2024-01-15 00:00:00,2910.58,1445.97,1464.61,79
INV1143,PQR Enterprises,2023-11-04,2023-12-15,2023-12-15,2554.76,2554.76,0.0,0
INV1144,DEF Solutions,2023-12-18,2024-08-08,2024-08-18 00:00:00,869.37,384.04,485.33,221
INV1145,LMN Inc,2023-10-26,2024-06-18,2024-06-13,2432.68,2432.68,0.0,0
INV1146,DEF Solutions,2023-02-21,2023-12-06,2023-11-26,4916.67,4916.67,0.0,0
INV1147,PQR Enterprises,2023-05-11,2024-02-05,2024-01-31,3929.78,3929.78,0.0,0
INV1148,XYZ Ltd,2023-06-12,2024-01-02,2023-12-23,991.25,991.25,0.0,0
INV1149,PQR Enterprises,2023-07-19,2024-06-24,2024-06-19,1145.94,1145.94,0.0,0
INV1150,PQR Enterprises,2023-02-19,2023-08-21,,4613.66,0.0,4613.66,112
INV1151,LMN Inc,2023-12-07,2024-07-07,,3988.09,0.0,3988.09,253
INV1152,XYZ Ltd,2023-09-01,2023-12-11,2023-12-11,3917.16,3917.16,0.0,0
INV1153,ABC Corp,2023-01-27,2023-03-27,2023-03-17,1546.25,1546.25,0.0,0
INV1154,ABC Corp,2023-06-12,2023-08-01,2023-07-22,2167.2,2167.2,0.0,0
INV1155,ABC Corp,2023-07-22,2024-02-27,2024-02-27,1717.47,1717.47,0.0,0
INV1156,LMN Inc,2023-07-16,2024-01-02,2024-01-07 00:00:00,1022.04,601.22,420.81999999999994,91
INV1157,XYZ Ltd,2023-07-13,2024-03-10,2024-03-10,1504.75,1504.75,0.0,0
INV1158,DEF Solutions,2023-05-21,2023-12-14,2024-01-03 00:00:00,4668.38,1009.24,3659.1400000000003,105
INV1159,DEF Solutions,2023-06-11,2024-01-20,2024-01-15,2314.46,2314.46,0.0,0
INV1160,ABC Corp,2023-06-18,2023-12-05,2023-12-10 00:00:00,2394.77,50.04,2344.73,160
INV1161,XYZ Ltd,2023-05-17,2024-05-05,2024-05-25 00:00:00,3357.52,1878.59,1478.93,316
INV1162,LMN Inc,2023-09-13,2024-03-23,2024-03-13,853.61,853.61,0.0,0
INV1163,LMN Inc,2023-08-21,2023-10-31,2023-10-26,3014.67,3014.67,0.0,0
INV1164,LMN Inc,2023-02-18,2023-06-06,2023-06-01,1126.55,1126.55,0.0,0
INV1165,LMN Inc,2023-10-06,2024-09-14,2024-09-04,668.98,668.98,0.0,0
INV1166,DEF Solutions,2023-01-02,2023-12-07,2023-12-02,1616.96,1616.96,0.0,0
INV1167,PQR Enterprises,2023-01-06,2023-03-16,2023-03-26 00:00:00,3632.08,2124.34,1507.7399999999998,63
INV1168,LMN Inc,2023-01-11,2023-09-28,2023-09-23,1320.04,1320.04,0.0,0
INV1169,LMN Inc,2023-12-19,2024-06-29,2024-06-19,4163.88,4163.88,0.0,0
INV1170,PQR Enterprises,2023-06-03,2023-09-05,2023-08-26,3805.55,3805.55,0.0,0
INV1171,DEF Solutions,2023-09-28,2024-01-08,2024-01-03,2782.07,2782.07,0.0,0
INV1172,ABC Corp,2023-07-13,2024-03-23,2024-03-13,4944.71,4944.71,0.0,0
INV1173,ABC Corp,2023-04-02,2023-10-27,2023-10-17,2635.17,2635.17,0.0,0
INV1174,ABC Corp,2023-07-06,2024-01-29,2024-01-29,915.09,915.09,0.0,0
INV1175,ABC Corp,2023-09-25,2024-09-01,2024-10-01 00:00:00,3365.23,1935.44,1429.79,197
INV1176,ABC Corp,2023-12-05,2024-11-04,2024-10-25,2913.85,2913.85,0.0,0
INV1177,XYZ Ltd,2023-01-07,2023-03-17,2023-03-22 00:00:00,1614.31,559.87,1054.44,122
INV1178,LMN Inc,2023-03-23,2024-03-05,2024-03-05,4664.84,4664.84,0.0,0
INV1179,ABC Corp,2023-09-12,2024-08-01,2024-07-22,3808.94,3808.94,0.0,0
INV1180,LMN Inc,2023-10-15,2024-08-10,2024-08-10,3198.71,3198.71,0.0,0
INV1181,PQR Enterprises,2023-06-02,2024-02-16,2024-02-06,2579.49,2579.49,0.0,0
INV1182,ABC Corp,2023-05-07,2023-08-07,2023-07-28,3720.06,3720.06,0.0,0
INV1183,LMN Inc,2023-08-04,2023-09-27,2023-10-27 00:00:00,3018.31,1047.31,1971.0,188
INV1184,PQR Enterprises,2023-06-02,2024-01-03,2024-01-08 00:00:00,3851.38,3114.65,736.73,191
INV1185,XYZ Ltd,2023-09-17,2024-05-02,2024-05-22 00:00:00,3863.55,2057.85,1805.7000000000003,319
INV1186,DEF Solutions,2023-01-11,2023-09-17,2023-10-02 00:00:00,1261.15,496.23,764.9200000000001,104
INV1187,XYZ Ltd,2023-09-20,2024-09-16,2024-09-16,3770.26,3770.26,0.0,0
INV1188,PQR Enterprises,2023-05-09,2023-07-18,2023-07-18,1613.53,1613.53,0.0,0
INV1189,ABC Corp,2023-08-02,2024-05-12,2024-05-12,2003.47,2003.47,0.0,0
INV1190,PQR Enterprises,2023-10-23,2024-05-13,2024-05-03,1035.35,1035.35,0.0,0
INV1191,PQR Enterprises,2023-03-16,2024-03-09,2024-02-28,2486.63,2486.63,0.0,0
INV1192,PQR Enterprises,2023-10-05,2024-07-13,2024-07-08,517.75,517.75,0.0,0
INV1193,LMN Inc,2023-07-04,2023-08-09,2023-08-09,4232.88,4232.88,0.0,0
INV1194,LMN Inc,2023-12-09,2024-10-22,2024-10-22,2198.94,2198.94,0.0,0
INV1195,ABC Corp,2023-02-06,2024-02-02,2024-02-02,3831.73,3831.73,0.0,0
INV1196,DEF Solutions,2023-01-06,2023-09-02,2023-08-23,1804.91,1804.91,0.0,0
INV1197,ABC Corp,2023-10-03,2024-09-10,2024-10-10 00:00:00,3643.87,1535.17,2108.7,188
INV1198,ABC Corp,2023-08-10,2024-05-08,2024-05-28 00:00:00,1123.53,182.97,940.56,313
INV1199,XYZ Ltd,2023-02-04,2023-06-01,2023-06-01,4667.98,4667.98,0.0,0
INV1200,XYZ Ltd,2023-07-02,2024-04-13,2024-04-13,2142.17,2142.17,0.0,0
INV1201,LMN Inc,2023-11-21,2024-07-29,2024-07-19,3043.28,3043.28,0.0,0
INV1202,ABC Corp,2023-05-28,2024-04-25,2024-04-20,3063.48,3063.48,0.0,0
INV1203,XYZ Ltd,2023-05-23,2023-09-10,2023-08-31,3765.52,3765.52,0.0,0
INV1204,PQR Enterprises,2023-04-01,2024-02-04,2024-02-04,2023.86,2023.86,0.0,0
INV1205,DEF Solutions,2023-06-06,2024-03-26,2024-03-16,871.06,871.06,0.0,0
INV1206,ABC Corp,2023-10-13,2024-02-27,2024-02-17,758.33,758.33,0.0,0
INV1207,ABC Corp,2023-08-10,2024-05-17,2024-05-12,4243.27,4243.27,0.0,0
INV1208,LMN Inc,2023-05-21,2024-01-24,2024-01-24,4506.71,4506.71,0.0,0
INV1209,PQR Enterprises,2023-10-27,2024-10-13,2024-10-18 00:00:00,3568.62,2507.39,1061.23,155
INV1210,ABC Corp,2023-09-27,2024-06-21,2024-06-11,557.6,557.6,0.0,0
INV1211,DEF Solutions,2023-07-24,2023-11-06,2023-12-06 00:00:00,3708.08,3274.76,433.3199999999997,202
INV1212,PQR Enterprises,2023-12-12,2024-10-01,2024-09-26,1812.03,1812.03,0.0,0
INV1213,ABC Corp,2023-07-14,2024-01-05,2024-01-05,3813.33,3813.33,0.0,0
INV1214,LMN Inc,2023-03-24,2023-09-26,2023-09-21,4062.77,4062.77,0.0,0
INV1215,LMN Inc,2023-02-01,2023-05-12,2023-05-12,4903.91,4903.91,0.0,0
INV1216,PQR Enterprises,2023-03-11,2023-11-25,2023-11-20,4060.12,4060.12,0.0,0
INV1217,PQR Enterprises,2023-03-27,2023-09-20,2023-09-15,2070.95,2070.95,0.0,0
INV1218,DEF Solutions,2023-01-17,2023-09-24,2023-10-04 00:00:00,3602.44,833.99,2768.45,173
INV1219,DEF Solutions,2023-02-04,2023-08-20,2023-08-15,2661.9,2661.9,0.0,0
INV1220,LMN Inc,2023-05-10,2023-11-27,2023-11-22,848.96,848.96,0.0,0
INV1221,PQR Enterprises,2023-09-12,2024-02-16,2024-02-06,2382.95,2382.95,0.0,0
INV1222,ABC Corp,2023-06-27,2023-09-26,2023-09-21,3725.22,3725.22,0.0,0
INV1223,PQR Enterprises,2023-07-13,2024-01-20,2024-01-20,2817.68,2817.68,0.0,0
INV1224,ABC Corp,2023-08-20,2024-05-10,2024-04-30,2244.69,2244.69,0.0,0
INV1225,LMN Inc,2023-12-08,2024-09-28,2024-09-18,2516.01,2516.01,0.0,0
INV1226,DEF Solutions,2023-12-26,2024-07-17,2024-07-12,1295.33,1295.33,0.0,0
INV1227,DEF Solutions,2023-03-27,2023-12-25,2023-12-20,4207.16,4207.16,0.0,0
INV1228,XYZ Ltd,2023-05-05,2023-11-16,2023-11-06,3184.7,3184.7,0.0,0
INV1229,PQR Enterprises,2023-07-25,2024-02-10,2024-02-15 00:00:00,2491.84,1400.75,1091.0900000000001,198
INV1230,XYZ Ltd,2023-09-09,2024-03-07,2024-03-07,839.74,839.74,0.0,0
INV1231,PQR Enterprises,2023-10-12,2024-07-25,2024-07-25,1626.36,1626.36,0.0,0
INV1232,LMN Inc,2023-11-17,2024-07-23,2024-07-23,3825.54,3825.54,0.0,0
INV1233,PQR Enterprises,2023-08-21,2023-11-29,2023-11-19,4764.67,4764.67,0.0,0
INV1234,LMN Inc,2023-06-22,2024-05-13,2024-05-08,2292.42,2292.42,0.0,0
INV1235,PQR Enterprises,2023-02-15,2023-11-28,2023-12-13 00:00:00,2536.37,1204.92,1331.4499999999998,102
INV1236,PQR Enterprises,2023-12-08,2024-07-04,2024-06-24,4740.81,4740.81,0.0,0
INV1237,ABC Corp,2023-06-01,2023-12-06,2023-11-26,1305.43,1305.43,0.0,0
INV1238,LMN Inc,2023-04-21,2023-06-13,2023-06-13,4892.69,4892.69,0.0,0
INV1239,PQR Enterprises,2023-09-01,2024-08-05,2024-08-10 00:00:00,785.73,636.16,149.57000000000005,224
INV1240,PQR Enterprises,2023-01-19,2023-08-19,2023-08-09,3332.23,3332.23,0.0,0
INV1241,ABC Corp,2023-03-06,2023-09-24,2023-09-24,4145.04,4145.04,0.0,0
INV1242,PQR Enterprises,2023-03-04,2024-02-21,2024-02-21,3782.24,3782.24,0.0,0
INV1243,DEF Solutions,2023-10-01,2024-03-13,2024-03-23 00:00:00,4350.1,372.26,3977.84,140
INV1244,ABC Corp,2023-01-21,2023-07-27,2023-07-22,652.97,652.97,0.0,0
INV1245,XYZ Ltd,2023-09-23,2024-05-09,2024-05-04,1003.79,1003.79,0.0,0
INV1246,ABC Corp,2023-12-20,2024-02-14,2024-02-14,2224.2,2224.2,0.0,0
INV1247,PQR Enterprises,2023-05-20,2024-04-11,2024-04-06,3267.26,3267.26,0.0,0
INV1248,DEF Solutions,2023-08-05,2024-05-31,2024-06-15 00:00:00,1221.38,768.28,453.10000000000014,290
INV1249,XYZ Ltd,2023-02-08,2023-07-26,2023-07-16,3114.19,3114.19,0.0,0
INV1250,XYZ Ltd,2023-05-28,2023-07-20,2023-07-15,3492.26,3492.26,0.0,0
INV1251,LMN Inc,2023-05-03,2024-04-07,2024-04-02,4036.8,4036.8,0.0,0
INV1252,ABC Corp,2023-03-28,2023-10-27,2023-10-27,3920.5,3920.5,0.0,0
INV1253,LMN Inc,2023-07-16,2024-03-22,2024-03-27 00:00:00,1267.72,704.54,563.1800000000001,360
INV1254,ABC Corp,2023-08-23,2024-07-02,2024-07-02,3985.02,3985.02,0.0,0
INV1255,PQR Enterprises,2023-02-06,2023-10-21,2023-10-21,1212.94,1212.94,0.0,0
INV1256,ABC Corp,2023-01-25,2023-12-24,2023-12-14,605.13,605.13,0.0,0
INV1257,DEF Solutions,2023-10-12,2024-08-09,2024-08-04,958.52,958.52,0.0,0
INV1258,DEF Solutions,2023-02-09,2023-08-30,2023-08-30,4967.34,4967.34,0.0,0
INV1259,LMN Inc,2023-08-19,2024-08-14,2024-08-04,1114.14,1114.14,0.0,0
INV1260,PQR Enterprises,2023-09-24,2024-01-16,2024-01-06,3029.77,3029.77,0.0,0
INV1261,PQR Enterprises,2023-08-28,2023-11-27,2023-11-17,648.0,648.0,0.0,0
INV1262,DEF Solutions,2023-05-16,2023-11-04,2023-11-04,2776.37,2776.37,0.0,0
INV1263,DEF Solutions,2023-12-17,2024-12-12,2024-12-12,2131.45,2131.45,0.0,0
INV1264,ABC Corp,2023-07-17,2023-09-15,2023-09-05,1249.37,1249.37,0.0,0
INV1265,DEF Solutions,2023-06-09,2024-05-16,2024-05-26 00:00:00,4939.63,477.46,4462.17,305
INV1266,LMN Inc,2023-10-26,2024-05-12,2024-05-02,1644.9,1644.9,0.0,0
INV1267,DEF Solutions,2023-12-16,2024-05-16,2024-05-06,646.72,646.72,0.0,0
INV1268,ABC Corp,2023-05-26,2024-03-10,2024-02-29,2315.27,2315.27,0.0,0
INV1269,LMN Inc,2023-05-08,2024-03-17,2024-03-17,3907.44,3907.44,0.0,0
INV1270,ABC Corp,2023-03-17,2023-07-12,2023-07-07,2293.41,2293.41,0.0,0
INV1271,XYZ Ltd,2023-12-01,2024-07-25,2024-08-24 00:00:00,1111.25,634.39,476.86,235
INV1272,PQR Enterprises,2023-12-06,2024-11-29,2024-11-29,1147.01,1147.01,0.0,0
INV1273,DEF Solutions,2023-07-16,2024-04-30,,3738.69,0.0,3738.69,321
INV1274,LMN Inc,2023-05-08,2024-03-26,2024-04-05 00:00:00,3666.6,2131.63,1534.9699999999998,356
INV1275,ABC Corp,2023-06-10,2023-12-25,2023-12-15,1554.56,1554.56,0.0,0
INV1276,PQR Enterprises,2023-05-10,2023-11-05,2023-10-31,2591.42,2591.42,0.0,0
INV1277,DEF Solutions,2023-07-13,2024-07-12,2024-07-07,988.84,988.84,0.0,0
INV1278,DEF Solutions,2023-01-14,2023-06-09,2023-06-29 00:00:00,3949.78,3372.57,577.21,177
INV1279,LMN Inc,2023-08-27,2024-06-19,2024-06-14,2055.63,2055.63,0.0,0
INV1280,DEF Solutions,2023-04-17,2024-01-06,2024-01-01,3472.73,3472.73,0.0,0
INV1281,DEF Solutions,2023-12-23,2024-05-20,2024-05-10,4766.86,4766.86,0.0,0
INV1282,PQR Enterprises,2023-01-07,2023-06-22,2023-06-12,1424.18,1424.18,0.0,0
INV1283,ABC Corp,2023-07-13,2023-10-19,2023-10-14,3263.92,3263.92,0.0,0
INV1284,ABC Corp,2023-07-09,2023-10-07,2023-10-02,4486.18,4486.18,0.0,0
INV1285,DEF Solutions,2023-10-23,2024-09-05,2024-08-31,3189.72,3189.72,0.0,0
INV1286,LMN Inc,2023-02-17,2023-08-10,2023-08-05,1036.36,1036.36,0.0,0
INV1287,ABC Corp,2023-11-22,2024-02-22,2024-02-17,2499.17,2499.17,0.0,0
INV1288,LMN Inc,2023-09-06,2023-12-14,2023-12-04,556.07,556.07,0.0,0
INV1289,LMN Inc,2023-04-15,2023-11-04,2023-11-04,781.12,781.12,0.0,0
INV1290,LMN Inc,2023-04-22,2023-08-16,2023-08-11,2370.93,2370.93,0.0,0
INV1291,DEF Solutions,2023-10-04,2024-07-06,2024-06-26,4983.42,4983.42,0.0,0
INV1292,ABC Corp,2023-07-12,2023-11-07,2023-11-02,1082.24,1082.24,0.0,0
INV1293,LMN Inc,2023-08-14,2023-11-07,2023-11-02,2448.25,2448.25,0.0,0
INV1294,DEF Solutions,2023-06-27,2024-06-01,2024-05-22,4973.98,4973.98,0.0,0
INV1295,XYZ Ltd,2023-11-17,2024-03-17,2024-03-27 00:00:00,4789.3,2663.89,2125.4100000000003,197
INV1296,XYZ Ltd,2023-11-05,2024-10-31,2024-11-15 00:00:00,2443.3,2438.55,4.75,137
INV1297,PQR Enterprises,2023-06-20,2023-09-29,2023-09-29,3468.84,3468.84,0.0,0
INV1298,LMN Inc,2023-04-09,2023-07-20,2023-07-10,2282.24,2282.24,0.0,0
INV1299,DEF Solutions,2023-12-01,2024-06-14,2024-06-19 00:00:00,4208.79,1113.86,3094.9300000000003,276
INV1300,PQR Enterprises,2023-05-24,2023-07-05,2023-07-15 00:00:00,817.78,815.94,1.8399999999999181,175
INV1301,LMN Inc,2023-05-02,2023-09-25,2023-09-25,680.41,680.41,0.0,0
INV1302,DEF Solutions,2023-06-11,2024-03-01,2024-02-20,3491.75,3491.75,0.0,0
INV1303,ABC Corp,2023-11-01,2024-02-20,2024-02-20,2172.69,2172.69,0.0,0
INV1304,PQR Enterprises,2023-09-07,2024-01-12,2024-01-12,3436.86,3436.86,0.0,0
INV1305,DEF Solutions,2023-01-01,2023-05-27,2023-05-17,4279.56,4279.56,0.0,0
INV1306,XYZ Ltd,2023-07-04,2024-03-29,,4605.99,0.0,4605.99,353
INV1307,ABC Corp,2023-10-04,2024-09-09,2024-09-09,4153.4,4153.4,0.0,0
INV1308,ABC Corp,2023-07-21,2024-06-25,2024-07-05 00:00:00,4857.73,2958.47,1899.2599999999998,265
INV1309,DEF Solutions,2023-02-16,2023-09-19,2023-09-09,3664.62,3664.62,0.0,0
INV1310,DEF Solutions,2023-02-09,2023-08-10,2023-08-05,2432.22,2432.22,0.0,0
INV1311,DEF Solutions,2023-09-23,2024-03-13,2024-03-08,4468.13,4468.13,0.0,0
INV1312,XYZ Ltd,2023-03-08,2023-05-17,2023-05-22 00:00:00,1944.84,505.08,1439.76,169
INV1313,LMN Inc,2023-01-16,2023-12-27,2024-01-16 00:00:00,3573.93,1293.29,2280.64,111
INV1314,DEF Solutions,2023-01-26,2023-05-22,2023-05-12,3156.02,3156.02,0.0,0
INV1315,ABC Corp,2023-05-15,2023-09-20,2023-09-10,3321.44,3321.44,0.0,0
INV1316,ABC Corp,2023-09-08,2024-02-26,2024-02-16,4509.26,4509.26,0.0,0
INV1317,DEF Solutions,2023-12-03,2024-03-24,2024-03-14,2754.59,2754.59,0.0,0
INV1318,ABC Corp,2023-11-05,2023-12-08,2023-12-03,2530.37,2530.37,0.0,0
INV1319,LMN Inc,2023-08-17,2024-05-18,2024-05-13,2969.95,2969.95,0.0,0
INV1320,ABC Corp,2023-05-28,2023-08-12,2023-08-12,1510.5,1510.5,0.0,0
INV1321,LMN Inc,2023-02-15,2023-12-19,2023-12-09,1411.66,1411.66,0.0,0
INV1322,DEF Solutions,2023-11-26,2024-07-01,2024-07-11 00:00:00,1965.74,560.52,1405.22,259
INV1323,XYZ Ltd,2023-07-28,2023-10-29,2023-10-19,4842.91,4842.91,0.0,0
INV1324,XYZ Ltd,2023-11-18,2024-04-22,2024-04-12,3523.22,3523.22,0.0,0
INV1325,PQR Enterprises,2023-12-18,2024-09-26,2024-09-26,4145.02,4145.02,0.0,0
INV1326,PQR Enterprises,2023-09-03,2024-02-03,2024-02-18 00:00:00,4855.04,966.48,3888.56,85
INV1327,DEF Solutions,2023-01-13,2023-08-13,2023-09-12 00:00:00,2206.8,1831.32,375.48000000000025,104
INV1328,PQR Enterprises,2023-04-11,2023-06-18,2023-06-13,4888.14,4888.14,0.0,0
INV1329,DEF Solutions,2023-09-14,2023-11-20,2023-11-15,3098.06,3098.06,0.0,0
INV1330,XYZ Ltd,2023-02-24,2024-02-13,2024-02-08,4016.2,4016.2,0.0,0
INV1331,PQR Enterprises,2023-02-20,2023-08-15,2023-08-15,1526.18,1526.18,0.0,0
INV1332,DEF Solutions,2023-03-01,2023-12-01,2023-12-01,511.82,511.82,0.0,0
INV1333,DEF Solutions,2023-12-27,2024-12-10,2024-12-20 00:00:00,4044.22,1924.69,2119.5299999999997,97
INV1334,PQR Enterprises,2023-06-06,2023-08-28,2023-09-02 00:00:00,3587.62,21.1,3566.52,203
INV1335,XYZ Ltd,2023-01-05,2023-05-25,2023-05-30 00:00:00,4587.79,2976.85,1610.94,123
INV1336,DEF Solutions,2023-08-20,2023-10-26,2023-10-21,3244.69,3244.69,0.0,0
INV1337,LMN Inc,2023-12-12,2024-05-20,2024-05-10,1877.67,1877.67,0.0,0
INV1338,PQR Enterprises,2023-08-01,2023-11-21,2023-11-11,1534.23,1534.23,0.0,0
INV1339,ABC Corp,2023-11-19,2024-09-26,2024-09-21,1289.21,1289.21,0.0,0
INV1340,LMN Inc,2023-10-21,2024-01-13,2024-01-18 00:00:00,1651.51,1184.62,466.8900000000001,113
INV1341,PQR Enterprises,2023-04-15,2023-06-16,2023-06-16,2273.76,2273.76,0.0,0
INV1342,ABC Corp,2023-12-24,2024-02-03,2024-01-29,2324.82,2324.82,0.0,0
INV1343,PQR Enterprises,2023-02-14,2023-11-16,2023-11-16,2236.31,2236.31,0.0,0
INV1344,ABC Corp,2023-05-17,2024-01-26,2024-01-21,1233.46,1233.46,0.0,0
INV1345,ABC Corp,2023-03-18,2023-06-06,2023-06-21 00:00:00,1759.66,1648.36,111.30000000000018,166
INV1346,LMN Inc,2023-01-11,2023-06-18,2023-06-08,3876.31,3876.31,0.0,0
INV1347,ABC Corp,2023-06-28,2024-01-16,2024-01-11,4313.57,4313.57,0.0,0
INV1348,DEF Solutions,2023-01-01,2023-06-21,2023-07-21 00:00:00,2297.04,1253.1,1043.94,87
INV1349,ABC Corp,2023-02-24,2024-01-27,2024-01-27,2006.64,2006.64,0.0,0
INV1350,XYZ Ltd,2023-04-06,2023-11-18,2023-11-18,2920.34,2920.34,0.0,0
INV1351,LMN Inc,2023-09-21,2023-11-02,2023-10-28,3507.66,3507.66,0.0,0
INV1352,XYZ Ltd,2023-02-11,2023-10-13,2023-10-03,2641.2,2641.2,0.0,0
INV1353,ABC Corp,2023-09-11,2023-11-08,2023-11-23 00:00:00,3205.48,1252.92,1952.56,151
INV1354,XYZ Ltd,2023-08-04,2023-11-15,2023-11-05,2686.58,2686.58,0.0,0
INV1355,XYZ Ltd,2023-07-13,2023-10-09,2023-09-29,3767.03,3767.03,0.0,0
INV1356,LMN Inc,2023-01-27,2023-09-22,2023-10-02 00:00:00,1054.33,528.16,526.17,183
INV1357,LMN Inc,2023-02-24,2023-06-28,2023-06-23,2327.1,2327.1,0.0,0
INV1358,PQR Enterprises,2023-02-21,2023-09-20,2023-09-20,4531.0,4531.0,0.0,0
INV1359,LMN Inc,2023-07-11,2023-10-16,2023-10-31 00:00:00,4530.01,2030.62,2499.3900000000003,72
INV1360,XYZ Ltd,2023-11-18,2024-10-07,2024-09-27,3275.36,3275.36,0.0,0
INV1361,PQR Enterprises,2023-07-08,2024-05-29,2024-05-29,526.47,526.47,0.0,0
INV1362,XYZ Ltd,2023-07-06,2023-11-19,2023-11-09,3069.61,3069.61,0.0,0
INV1363,DEF Solutions,2023-10-21,2024-05-29,2024-06-18 00:00:00,1775.75,1386.31,389.44000000000005,292
INV1364,ABC Corp,2023-03-06,2023-04-28,2023-05-08 00:00:00,4202.59,4072.46,130.1300000000001,185
INV1365,PQR Enterprises,2023-10-26,2024-03-22,2024-03-17,4583.29,4583.29,0.0,0
INV1366,LMN Inc,2023-06-24,2024-03-31,2024-04-10 00:00:00,867.64,54.96,812.68,351
INV1367,PQR Enterprises,2023-08-01,2024-04-08,2024-03-29,1171.41,1171.41,0.0,0
INV1368,LMN Inc,2023-01-16,2023-04-29,2023-04-29,1973.2,1973.2,0.0,0
INV1369,XYZ Ltd,2023-01-25,2024-01-17,2024-01-17,1139.1,1139.1,0.0,0
INV1370,DEF Solutions,2023-04-10,2023-06-27,2023-06-22,1843.45,1843.45,0.0,0
INV1371,DEF Solutions,2023-09-15,2023-12-05,2023-12-05,2159.02,2159.02,0.0,0
INV1372,PQR Enterprises,2023-05-16,2023-12-14,2023-12-04,1494.98,1494.98,0.0,0
INV1373,ABC Corp,2023-09-17,2024-08-21,2024-08-16,1059.81,1059.81,0.0,0
INV1374,DEF Solutions,2023-12-26,2024-08-12,2024-08-17 00:00:00,3648.0,1946.59,1701.41,217
INV1375,PQR Enterprises,2023-12-05,2024-02-27,2024-02-22,3228.5,3228.5,0.0,0
INV1376,ABC Corp,2023-03-16,2024-03-15,2024-03-05,1308.13,1308.13,0.0,0
INV1377,ABC Corp,2023-01-04,2023-11-27,2023-11-17,3824.32,3824.32,0.0,0
INV1378,LMN Inc,2023-12-15,2024-03-05,2024-03-05,3853.82,3853.82,0.0,0
INV1379,LMN Inc,2023-07-02,2024-06-11,2024-06-11,3319.02,3319.02,0.0,0
INV1380,DEF Solutions,2023-07-15,2024-04-06,2024-04-01,3916.4,3916.4,0.0,0
INV1381,PQR Enterprises,2023-01-25,2023-10-17,2023-10-17,3794.51,3794.51,0.0,0
INV1382,PQR Enterprises,2023-12-18,2024-05-01,2024-04-26,1960.81,1960.81,0.0,0
INV1383,LMN Inc,2023-04-06,2023-06-22,2023-07-02 00:00:00,4533.98,3297.12,1236.8599999999997,64
INV1384,XYZ Ltd,2023-07-02,2023-11-14,2023-11-24 00:00:00,2365.22,796.91,1568.31,151
INV1385,PQR Enterprises,2023-01-02,2023-07-02,2023-07-02,556.26,556.26,0.0,0
INV1386,ABC Corp,2023-04-02,2024-03-02,2024-02-26,1994.41,1994.41,0.0,0
INV1387,ABC Corp,2023-08-02,2023-10-25,2023-11-14 00:00:00,3778.73,226.06,3552.67,152
INV1388,LMN Inc,2023-03-11,2023-11-13,2023-11-13,3030.35,3030.35,0.0,0
INV1389,PQR Enterprises,2023-08-28,2023-11-20,2023-11-20,4122.49,4122.49,0.0,0
INV1390,ABC Corp,2023-07-20,2023-10-13,2023-10-13,3456.47,3456.47,0.0,0
INV1391,PQR Enterprises,2023-04-02,2023-12-10,2023-11-30,3722.47,3722.47,0.0,0
INV1392,DEF Solutions,2023-02-27,2023-04-05,2023-03-31,2103.04,2103.04,0.0,0
INV1393,DEF Solutions,2023-01-27,2023-04-27,2023-04-17,3000.81,3000.81,0.0,0
INV1394,XYZ Ltd,2023-07-22,2024-04-28,2024-04-23,4947.26,4947.26,0.0,0
INV1395,XYZ Ltd,2023-09-13,2023-10-13,2023-10-08,3185.64,3185.64,0.0,0
INV1396,PQR Enterprises,2023-01-23,2023-06-17,2023-07-02 00:00:00,1871.48,450.81,1420.67,189
INV1397,DEF Solutions,2023-03-18,2023-06-27,2023-06-17,2652.7,2652.7,0.0,0
INV1398,ABC Corp,2023-06-04,2023-07-04,2023-07-04,4945.44,4945.44,0.0,0
INV1399,DEF Solutions,2023-07-08,2024-03-10,2024-03-05,2330.33,2330.33,0.0,0
INV1400,XYZ Ltd,2023-10-11,2024-04-13,2024-04-03,3823.35,3823.35,0.0,0
INV1401,DEF Solutions,2023-04-13,2024-02-21,2024-03-07 00:00:00,4241.44,1950.73,2290.7099999999996,178
INV1402,DEF Solutions,2023-10-10,2024-03-13,2024-03-03,2739.3,2739.3,0.0,0
INV1403,LMN Inc,2023-11-01,2024-02-23,2024-02-23,3105.47,3105.47,0.0,0
INV1404,PQR Enterprises,2023-10-11,2024-03-27,2024-04-06 00:00:00,3199.6,840.23,2359.37,355
INV1405,ABC Corp,2023-01-21,2023-04-24,2023-04-19,3843.27,3843.27,0.0,0
INV1406,PQR Enterprises,2023-10-26,2024-08-10,,3060.18,0.0,3060.18,219
INV1407,ABC Corp,2023-03-12,2023-11-05,2023-10-26,3714.7,3714.7,0.0,0
INV1408,DEF Solutions,2023-07-02,2023-11-24,2023-11-19,2412.01,2412.01,0.0,0
INV1409,LMN Inc,2023-03-04,2023-06-21,2023-06-11,4332.57,4332.57,0.0,0
INV1410,LMN Inc,2023-04-17,2023-07-04,2023-06-24,1268.46,1268.46,0.0,0
INV1411,PQR Enterprises,2023-12-27,2024-11-01,2024-10-27,892.31,892.31,0.0,0
INV1412,PQR Enterprises,2023-05-27,2023-10-25,2023-10-15,4939.84,4939.84,0.0,0
INV1413,XYZ Ltd,2023-05-24,2024-03-14,2024-03-09,4802.47,4802.47,0.0,0
INV1414,LMN Inc,2023-04-06,2024-01-19,2024-01-14,1605.88,1605.88,0.0,0
INV1415,LMN Inc,2023-09-03,2023-10-14,2023-10-14,3000.24,3000.24,0.0,0
INV1416,PQR Enterprises,2023-01-20,2023-09-15,2023-09-25 00:00:00,3350.16,1273.21,2076.95,190
INV1417,PQR Enterprises,2023-05-02,2023-08-05,2023-09-04 00:00:00,1256.91,698.37,558.5400000000001,118
INV1418,DEF Solutions,2023-10-23,2024-02-23,2024-03-24 00:00:00,635.93,210.64,425.28999999999996,90
INV1419,XYZ Ltd,2023-06-15,2024-02-15,2024-02-05,1368.99,1368.99,0.0,0
INV1420,DEF Solutions,2023-11-15,2024-02-02,2024-02-02,743.28,743.28,0.0,0
INV1421,PQR Enterprises,2023-02-20,2023-10-16,,1279.1,0.0,1279.1,104
INV1422,DEF Solutions,2023-07-23,2023-08-25,2023-08-25,1046.56,1046.56,0.0,0
INV1423,PQR Enterprises,2023-09-04,2023-11-08,2023-11-28 00:00:00,3918.83,2849.61,1069.2199999999998,90
INV1424,PQR Enterprises,2023-11-13,2024-10-08,2024-10-13 00:00:00,4070.79,3622.69,448.0999999999999,160
INV1425,LMN Inc,2023-10-24,2024-08-23,2024-08-18,2307.59,2307.59,0.0,0
INV1426,XYZ Ltd,2023-07-21,2023-09-16,2023-09-16,4409.3,4409.3,0.0,0
INV1427,LMN Inc,2023-05-12,2023-08-20,2023-08-10,3856.21,3856.21,0.0,0
INV1428,DEF Solutions,2023-01-19,2023-03-28,2023-03-28,2135.19,2135.19,0.0,0
INV1429,XYZ Ltd,2023-07-12,2023-09-17,2023-09-12,1769.46,1769.46,0.0,0
INV1430,XYZ Ltd,2023-08-18,2023-10-26,2023-10-26,518.67,518.67,0.0,0
INV1431,XYZ Ltd,2023-04-23,2023-09-18,2023-09-18,2299.41,2299.41,0.0,0
INV1432,ABC Corp,2023-08-22,2023-11-05,2023-10-31,4103.12,4103.12,0.0,0
INV1433,LMN Inc,2023-11-20,2024-01-27,2024-01-17,4449.87,4449.87,0.0,0
INV1434,XYZ Ltd,2023-08-21,2024-01-19,2024-01-19,1691.24,1691.24,0.0,0
INV1435,PQR Enterprises,2023-03-18,2024-01-30,2024-01-25,4000.38,4000.38,0.0,0
INV1436,PQR Enterprises,2023-03-02,2023-10-19,2023-10-29 00:00:00,2995.07,847.63,2147.44,199
INV1437,LMN Inc,2023-06-12,2023-10-25,2023-10-20,1283.56,1283.56,0.0,0
INV1438,LMN Inc,2023-02-01,2023-07-21,2023-07-16,3465.9,3465.9,0.0,0
INV1439,LMN Inc,2023-01-27,2023-08-04,2023-08-09 00:00:00,2627.95,2195.16,432.78999999999996,173
INV1440,XYZ Ltd,2023-08-22,2024-06-07,2024-06-07,3500.64,3500.64,0.0,0
INV1441,XYZ Ltd,2023-04-10,2023-10-15,2023-10-05,2560.59,2560.59,0.0,0
INV1442,LMN Inc,2023-12-05,2024-01-07,2023-12-28,1449.89,1449.89,0.0,0
INV1443,DEF Solutions,2023-08-15,2024-02-20,2024-02-15,4822.51,4822.51,0.0,0
INV1444,XYZ Ltd,2023-01-17,2023-12-20,2023-12-15,1569.53,1569.53,0.0,0
INV1445,DEF Solutions,2023-08-26,2024-04-18,2024-04-23 00:00:00,3772.29,1831.74,1940.55,333
INV1446,LMN Inc,2023-06-06,2023-08-06,2023-08-01,3322.09,3322.09,0.0,0
INV1447,XYZ Ltd,2023-10-15,2024-01-08,2024-01-18 00:00:00,3175.16,3037.74,137.42000000000007,106
INV1448,ABC Corp,2023-12-09,2024-11-01,2024-12-01 00:00:00,719.52,448.95,270.57,136
INV1449,DEF Solutions,2023-06-18,2024-03-02,2024-02-26,1931.54,1931.54,0.0,0
INV1450,DEF Solutions,2023-04-26,2024-04-11,2024-04-01,3817.69,3817.69,0.0,0
INV1451,DEF Solutions,2023-06-14,2024-03-19,2024-03-19,4854.11,4854.11,0.0,0
INV1452,LMN Inc,2023-02-23,2024-02-01,2024-02-01,1249.75,1249.75,0.0,0
INV1453,ABC Corp,2023-03-16,2023-04-15,2023-04-15,3503.6,3503.6,0.0,0
INV1454,XYZ Ltd,2023-06-23,2024-01-31,2024-01-26,1153.64,1153.64,0.0,0
INV1455,DEF Solutions,2023-07-19,2024-06-09,2024-05-30,1333.3,1333.3,0.0,0
INV1456,PQR Enterprises,2023-02-22,2024-02-03,2024-01-24,2897.38,2897.38,0.0,0
INV1457,XYZ Ltd,2023-06-02,2023-12-29,2023-12-19,3034.51,3034.51,0.0,0
INV1458,XYZ Ltd,2023-06-03,2023-07-30,2023-07-20,4304.69,4304.69,0.0,0
INV1459,ABC Corp,2023-08-15,2024-01-24,2024-01-14,2864.83,2864.83,0.0,0
INV1460,PQR Enterprises,2023-12-05,2024-07-29,2024-07-24,2663.92,2663.92,0.0,0
INV1461,ABC Corp,2023-10-01,2023-12-06,2023-12-06,2798.17,2798.17,0.0,0
INV1462,LMN Inc,2023-10-15,2024-01-22,,849.53,0.0,849.53,116
INV1463,LMN Inc,2023-07-22,2023-12-28,2024-01-07 00:00:00,3885.82,565.06,3320.76,149
INV1464,DEF Solutions,2023-08-04,2023-12-03,2023-11-23,3946.06,3946.06,0.0,0
INV1465,ABC Corp,2023-11-21,2024-08-16,2024-08-11,4710.22,4710.22,0.0,0
INV1466,PQR Enterprises,2023-10-17,2024-07-20,2024-07-15,1271.63,1271.63,0.0,0
INV1467,ABC Corp,2023-02-20,2023-09-04,2023-09-04,1187.81,1187.81,0.0,0
INV1468,ABC Corp,2023-10-18,2023-12-06,2023-12-01,3375.59,3375.59,0.0,0
INV1469,LMN Inc,2023-08-07,2024-01-03,2023-12-24,2892.7,2892.7,0.0,0
INV1470,DEF Solutions,2023-11-09,2024-09-19,2024-09-14,2384.76,2384.76,0.0,0
INV1471,DEF Solutions,2023-01-26,2023-11-01,2023-11-01,3260.78,3260.78,0.0,0
INV1472,XYZ Ltd,2023-09-14,2024-08-08,2024-07-29,1821.83,1821.83,0.0,0
INV1473,XYZ Ltd,2023-08-01,2024-01-26,2024-02-25 00:00:00,2579.1,1999.52,579.5799999999999,135
INV1474,ABC Corp,2023-12-03,2024-02-17,2024-02-12,629.8,629.8,0.0,0
INV1475,XYZ Ltd,2023-08-08,2023-12-17,2023-12-17,2428.08,2428.08,0.0,0
INV1476,LMN Inc,2023-05-14,2024-02-20,2024-02-15,1007.0,1007.0,0.0,0
INV1477,DEF Solutions,2023-08-13,2024-03-15,2024-03-10,4993.6,4993.6,0.0,0
INV1478,ABC Corp,2023-05-07,2023-11-26,2023-11-21,2275.34,2275.34,0.0,0
INV1479,PQR Enterprises,2023-03-24,2024-02-28,2024-03-29 00:00:00,2362.88,1655.16,707.72,206
INV1480,DEF Solutions,2023-03-02,2023-05-24,2023-05-19,1212.92,1212.92,0.0,0
INV1481,DEF Solutions,2023-06-16,2024-04-19,2024-05-04 00:00:00,3977.46,3787.56,189.9000000000001,332
INV1482,DEF Solutions,2023-07-21,2024-01-20,2024-01-10,4204.51,4204.51,0.0,0
INV1483,ABC Corp,2023-06-14,2024-02-25,2024-03-11 00:00:00,3384.77,2568.79,815.98,170
INV1484,DEF Solutions,2023-01-09,2023-11-15,2023-11-05,1702.0,1702.0,0.0,0
INV1485,XYZ Ltd,2023-08-05,2023-10-23,2023-10-18,4965.21,4965.21,0.0,0
INV1486,DEF Solutions,2023-03-28,2023-12-28,2023-12-18,1645.2,1645.2,0.0,0
INV1487,PQR Enterprises,2023-11-02,2024-03-27,2024-03-17,4734.58,4734.58,0.0,0
INV1488,XYZ Ltd,2023-12-05,2024-03-11,2024-03-11,3047.07,3047.07,0.0,0
INV1489,DEF Solutions,2023-06-05,2024-03-18,2024-03-08,3092.11,3092.11,0.0,0
INV1490,LMN Inc,2023-12-08,2024-04-27,2024-04-22,1110.18,1110.18,0.0,0
INV1491,XYZ Ltd,2023-07-07,2023-12-19,2023-12-19,2104.76,2104.76,0.0,0
INV1492,LMN Inc,2023-10-11,2024-07-08,2024-06-28,2731.34,2731.34,0.0,0
INV1493,DEF Solutions,2023-01-27,2023-11-10,2023-11-05,757.46,757.46,0.0,0
INV1494,LMN Inc,2023-09-28,2023-11-24,2023-12-04 00:00:00,696.15,31.61,664.54,171
INV1495,XYZ Ltd,2023-05-25,2023-07-05,2023-06-30,2149.28,2149.28,0.0,0
INV1496,ABC Corp,2023-01-27,2023-07-20,2023-08-09 00:00:00,2703.02,2297.71,405.30999999999995,92
INV1497,XYZ Ltd,2023-06-28,2023-11-17,2023-11-12,970.92,970.92,0.0,0
INV1498,LMN Inc,2023-09-02,2024-02-26,2024-02-26,825.9,825.9,0.0,0
INV1499,ABC Corp,2023-02-16,2023-10-27,2023-10-27,1701.5,1701.5,0.0,0
INV1500,XYZ Ltd,2023-06-21,2023-08-02,2023-07-23,4198.65,4198.65,0.0,0
INV1501,LMN Inc,2023-10-11,2024-04-04,2024-03-30,811.02,811.02,0.0,0
INV1502,DEF Solutions,2023-01-21,2023-06-28,2023-06-23,3847.0,3847.0,0.0,0
INV1503,LMN Inc,2023-05-05,2023-06-29,2023-06-29,1246.37,1246.37,0.0,0
INV1504,DEF Solutions,2023-04-02,2023-07-27,2023-08-06 00:00:00,3651.81,1434.45,2217.3599999999997,178
INV1505,DEF Solutions,2023-08-24,2024-05-06,,2702.65,0.0,2702.65,315
INV1506,ABC Corp,2023-02-18,2023-06-25,2023-06-25,2448.72,2448.72,0.0,0
INV1507,XYZ Ltd,2023-02-27,2024-01-16,2024-01-06,627.44,627.44,0.0,0
INV1508,DEF Solutions,2023-01-02,2023-03-24,2023-03-24,4282.99,4282.99,0.0,0
INV1509,PQR Enterprises,2023-11-10,2024-08-25,2024-09-14 00:00:00,4014.64,2430.3,1584.3399999999997,204
INV1510,XYZ Ltd,2023-01-24,2023-04-01,2023-03-27,1926.4,1926.4,0.0,0
INV1511,ABC Corp,2023-05-09,2024-05-01,2024-04-26,3322.03,3322.03,0.0,0
INV1512,XYZ Ltd,2023-07-12,2024-01-19,2024-01-14,849.25,849.25,0.0,0
INV1513,PQR Enterprises,2023-11-15,2024-01-18,2024-01-28 00:00:00,3088.82,30.05,3058.77,105
INV1514,XYZ Ltd,2023-03-20,2024-03-04,2024-02-28,1769.36,1769.36,0.0,0
INV1515,XYZ Ltd,2023-09-25,2024-02-26,2024-03-07 00:00:00,4261.06,2651.74,1609.3200000000006,201
INV1516,DEF Solutions,2023-02-26,2023-10-05,2023-09-30,697.62,697.62,0.0,0
INV1517,ABC Corp,2023-10-07,2024-03-26,2024-03-16,3179.15,3179.15,0.0,0
INV1518,DEF Solutions,2023-07-28,2024-02-14,2024-03-15 00:00:00,4621.62,1331.74,3289.88,208
INV1519,PQR Enterprises,2023-02-09,2023-08-11,2023-08-01,4988.29,4988.29,0.0,0
INV1520,PQR Enterprises,2023-11-09,2024-06-06,2024-05-27,1742.5,1742.5,0.0,0
INV1521,PQR Enterprises,2023-09-05,2024-08-29,2024-09-03 00:00:00,3298.71,1499.59,1799.1200000000001,200
INV1522,ABC Corp,2023-04-27,2024-04-09,2024-04-09,1393.4,1393.4,0.0,0
INV1523,PQR Enterprises,2023-10-19,2024-09-29,2024-09-24,1205.26,1205.26,0.0,0
INV1524,XYZ Ltd,2023-07-19,2023-12-28,2023-12-28,1289.96,1289.96,0.0,0
INV1525,LMN Inc,2023-02-06,2024-02-04,2024-01-25,2470.89,2470.89,0.0,0
INV1526,XYZ Ltd,2023-03-01,2023-11-21,2023-12-01 00:00:00,3829.92,2373.76,1456.1599999999999,171
INV1527,PQR Enterprises,2023-07-10,2023-10-24,2023-10-24,2181.21,2181.21,0.0,0
INV1528,XYZ Ltd,2023-01-08,2023-05-23,2023-05-13,2496.13,2496.13,0.0,0
INV1529,DEF Solutions,2023-01-01,2023-10-24,2023-10-19,546.26,546.26,0.0,0
INV1530,LMN Inc,2023-12-10,2024-09-14,2024-09-14,2207.3,2207.3,0.0,0
INV1531,LMN Inc,2023-03-05,2023-07-20,2023-07-10,2537.34,2537.34,0.0,0
INV1532,DEF Solutions,2023-05-13,2023-09-06,2023-09-06,2605.23,2605.23,0.0,0
INV1533,DEF Solutions,2023-10-05,2024-08-18,2024-08-13,4228.48,4228.48,0.0,0
INV1534,LMN Inc,2023-02-27,2023-11-16,2023-11-06,1987.05,1987.05,0.0,0
INV1535,XYZ Ltd,2023-01-11,2023-06-23,2023-06-13,843.87,843.87,0.0,0
INV1536,DEF Solutions,2023-12-03,2024-03-06,2024-03-01,4583.48,4583.48,0.0,0
INV1537,ABC Corp,2023-09-13,2024-04-21,,1972.2,0.0,1972.2,330
INV1538,ABC Corp,2023-02-19,2023-04-28,2023-04-28,4345.93,4345.93,0.0,0
INV1539,DEF Solutions,2023-07-24,2024-07-07,2024-06-27,991.14,991.14,0.0,0
INV1540,LMN Inc,2023-12-24,2024-02-14,2024-02-04,1832.42,1832.42,0.0,0
INV1541,ABC Corp,2023-09-15,2024-08-31,2024-08-26,3515.74,3515.74,0.0,0
INV1542,LMN Inc,2023-07-11,2024-03-03,2024-02-22,1544.04,1544.04,0.0,0
INV1543,PQR Enterprises,2023-06-16,2023-12-05,2023-11-25,2087.25,2087.25,0.0,0
INV1544,ABC Corp,2023-07-05,2024-05-29,2024-05-19,1212.14,1212.14,0.0,0
INV1545,DEF Solutions,2023-04-08,2023-09-09,2023-09-09,2071.25,2071.25,0.0,0
INV1546,LMN Inc,2023-01-01,2023-05-17,2023-05-07,2542.49,2542.49,0.0,0
INV1547,DEF Solutions,2023-07-07,2023-10-08,2023-10-08,1685.04,1685.04,0.0,0
INV1548,DEF Solutions,2023-10-04,2023-12-04,2023-11-24,4151.05,4151.05,0.0,0
INV1549,PQR Enterprises,2023-09-10,2023-12-19,2023-12-14,586.16,586.16,0.0,0
INV1550,DEF Solutions,2023-05-07,2023-09-26,2023-10-06 00:00:00,2894.58,2430.03,464.5499999999997,184
INV1551,XYZ Ltd,2023-02-03,2023-10-01,2023-09-21,1372.17,1372.17,0.0,0
INV1552,ABC Corp,2023-09-26,2024-04-24,2024-04-29 00:00:00,4241.73,1655.77,2585.9599999999996,327
INV1553,XYZ Ltd,2023-01-26,2023-12-29,,3344.57,0.0,3344.57,167
INV1554,XYZ Ltd,2023-03-27,2023-08-09,,4760.41,0.0,4760.41,162
INV1555,DEF Solutions,2023-01-15,2023-03-17,2023-03-07,3897.56,3897.56,0.0,0
INV1556,DEF Solutions,2023-05-01,2023-06-28,2023-07-03 00:00:00,939.14,653.36,285.78,62
INV1557,ABC Corp,2023-07-17,2024-01-09,2024-01-19 00:00:00,4067.69,3140.54,927.1500000000001,174
INV1558,PQR Enterprises,2023-08-08,2024-01-23,2024-01-23,2755.92,2755.92,0.0,0
INV1559,LMN Inc,2023-12-17,2024-12-05,2024-12-20 00:00:00,4981.79,2425.18,2556.61,102
INV1560,XYZ Ltd,2023-11-25,2024-05-13,2024-05-13,4493.24,4493.24,0.0,0
INV1561,DEF Solutions,2023-01-15,2023-09-28,2023-09-18,3987.71,3987.71,0.0,0
INV1562,DEF Solutions,2023-11-01,2023-12-01,2023-12-16 00:00:00,3842.13,3448.34,393.78999999999996,128
INV1563,DEF Solutions,2023-01-07,2023-06-16,2023-06-11,3526.32,3526.32,0.0,0
INV1564,DEF Solutions,2023-08-13,2024-07-30,2024-07-25,1378.18,1378.18,0.0,0
INV1565,LMN Inc,2023-07-17,2023-12-09,2023-12-04,1946.35,1946.35,0.0,0
INV1566,LMN Inc,2023-10-10,2024-09-19,2024-09-09,2941.31,2941.31,0.0,0
INV1567,LMN Inc,2023-08-03,2023-12-31,2023-12-31,631.31,631.31,0.0,0
INV1568,LMN Inc,2023-08-14,2023-10-26,2023-10-26,1024.9,1024.9,0.0,0
INV1569,ABC Corp,2023-02-18,2024-01-08,2024-01-08,2571.48,2571.48,0.0,0
INV1570,DEF Solutions,2023-06-23,2024-04-05,2024-04-05,3355.36,3355.36,0.0,0
INV1571,XYZ Ltd,2023-03-16,2024-02-12,,1674.53,0.0,1674.53,74
INV1572,ABC Corp,2023-09-27,2023-11-12,2023-11-02,3491.25,3491.25,0.0,0
INV1573,DEF Solutions,2023-03-18,2023-08-15,2023-08-15,3744.82,3744.82,0.0,0
INV1574,PQR Enterprises,2023-01-01,2023-06-14,2023-06-04,4832.52,4832.52,0.0,0
INV1575,ABC Corp,2023-01-11,2023-12-12,2023-12-17 00:00:00,2030.68,1723.35,307.33000000000015,208
INV1576,ABC Corp,2023-03-25,2024-03-06,2024-03-01,4239.59,4239.59,0.0,0
INV1577,ABC Corp,2023-08-02,2024-08-01,2024-08-01,3096.82,3096.82,0.0,0
INV1578,DEF Solutions,2023-03-03,2024-01-03,2024-01-03,1396.78,1396.78,0.0,0
INV1579,PQR Enterprises,2023-06-07,2024-04-29,2024-04-29,1850.9,1850.9,0.0,0
INV1580,DEF Solutions,2023-07-25,2023-10-10,2023-09-30,3091.84,3091.84,0.0,0
INV1581,LMN Inc,2023-05-10,2023-11-30,2023-11-20,3915.99,3915.99,0.0,0
INV1582,XYZ Ltd,2023-04-02,2024-01-11,2024-01-06,3515.2,3515.2,0.0,0
INV1583,ABC Corp,2023-06-11,2023-11-17,2023-11-17,1891.12,1891.12,0.0,0
INV1584,LMN Inc,2023-02-08,2023-08-19,2023-08-19,618.3,618.3,0.0,0
INV1585,LMN Inc,2023-04-26,2023-07-15,2023-07-05,992.03,992.03,0.0,0
INV1586,XYZ Ltd,2023-02-24,2024-01-31,2024-01-21,4568.92,4568.92,0.0,0
INV1587,LMN Inc,2023-05-02,2024-03-12,2024-03-07,4857.22,4857.22,0.0,0
INV1588,XYZ Ltd,2023-10-07,2023-12-25,2023-12-20,1468.02,1468.02,0.0,0
INV1589,ABC Corp,2023-11-24,2024-01-01,2023-12-27,4222.61,4222.61,0.0,0
INV1590,XYZ Ltd,2023-05-11,2024-05-07,2024-04-27,2966.26,2966.26,0.0,0
INV1591,PQR Enterprises,2023-04-26,2023-08-01,2023-07-27,3266.32,3266.32,0.0,0
INV1592,PQR Enterprises,2023-07-01,2023-08-14,2023-08-04,1584.89,1584.89,0.0,0
INV1593,LMN Inc,2023-12-24,2024-02-14,2024-02-14,1331.76,1331.76,0.0,0
INV1594,PQR Enterprises,2023-08-22,2024-04-26,2024-05-16 00:00:00,920.61,246.39,674.22,325
INV1595,ABC Corp,2023-02-01,2023-11-20,2023-11-20,1677.16,1677.16,0.0,0
INV1596,LMN Inc,2023-03-27,2023-09-13,2023-09-08,2725.44,2725.44,0.0,0
INV1597,PQR Enterprises,2023-05-17,2023-09-22,2023-09-22,2190.44,2190.44,0.0,0
INV1598,XYZ Ltd,2023-06-01,2024-05-30,2024-05-30,1257.31,1257.31,0.0,0
INV1599,DEF Solutions,2023-04-17,2024-03-14,2024-03-04,1980.67,1980.67,0.0,0
INV1600,DEF Solutions,2023-09-12,2024-06-25,2024-07-05 00:00:00,4988.46,2058.65,2929.81,265
INV1601,PQR Enterprises,2023-09-10,2024-03-06,2024-03-01,1437.23,1437.23,0.0,0
INV1602,XYZ Ltd,2023-09-28,2024-08-16,2024-08-21 00:00:00,2740.28,1357.02,1383.2600000000002,213
INV1603,XYZ Ltd,2023-07-12,2024-07-02,2024-06-27,4077.24,4077.24,0.0,0
INV1604,PQR Enterprises,2023-05-05,2024-05-01,2024-04-26,4500.06,4500.06,0.0,0
INV1605,PQR Enterprises,2023-08-07,2024-07-23,2024-07-23,658.82,658.82,0.0,0
INV1606,PQR Enterprises,2023-05-21,2024-01-25,2024-01-20,1322.28,1322.28,0.0,0
INV1607,PQR Enterprises,2023-02-28,2023-09-03,2023-09-03,1856.47,1856.47,0.0,0
INV1608,XYZ Ltd,2023-01-10,2023-07-15,2023-07-30 00:00:00,2342.36,552.85,1789.5100000000002,81
INV1609,DEF Solutions,2023-05-21,2023-11-04,2023-11-24 00:00:00,964.55,26.02,938.53,85
INV1610,LMN Inc,2023-11-03,2024-01-23,2024-02-22 00:00:00,2725.84,1890.42,835.4200000000001,108
INV1611,ABC Corp,2023-04-14,2023-11-22,2023-11-12,1229.17,1229.17,0.0,0
INV1612,PQR Enterprises,2023-02-12,2024-01-01,2023-12-22,2250.84,2250.84,0.0,0
INV1613,LMN Inc,2023-09-21,2023-12-01,2023-12-01,2233.36,2233.36,0.0,0
INV1614,ABC Corp,2023-10-15,2024-03-10,2024-03-10,3261.16,3261.16,0.0,0
INV1615,XYZ Ltd,2023-03-03,2024-01-31,2024-01-31,3815.96,3815.96,0.0,0
INV1616,XYZ Ltd,2023-11-26,2024-01-12,2024-01-07,839.79,839.79,0.0,0
INV1617,XYZ Ltd,2023-07-15,2024-04-06,2024-03-27,1875.06,1875.06,0.0,0
INV1618,DEF Solutions,2023-05-09,2023-11-24,2023-11-24,4820.25,4820.25,0.0,0
INV1619,PQR Enterprises,2023-12-09,2024-02-23,2024-02-13,1918.62,1918.62,0.0,0
INV1620,PQR Enterprises,2023-12-13,2024-05-09,2024-05-04,1333.76,1333.76,0.0,0
INV1621,LMN Inc,2023-03-15,2023-05-24,2023-05-29 00:00:00,1432.61,597.33,835.2799999999999,150
INV1622,DEF Solutions,2023-09-09,2023-11-21,2023-11-21,4612.3,4612.3,0.0,0
INV1623,DEF Solutions,2023-01-03,2023-03-15,2023-03-15,1583.77,1583.77,0.0,0
INV1624,XYZ Ltd,2023-11-26,2024-09-22,2024-09-22,3210.0,3210.0,0.0,0
INV1625,XYZ Ltd,2023-09-04,2024-03-13,2024-03-03,3591.07,3591.07,0.0,0
INV1626,XYZ Ltd,2023-03-26,2023-06-15,2023-07-15 00:00:00,512.99,163.2,349.79,199
INV1627,DEF Solutions,2023-10-24,2024-01-16,2024-01-11,2215.88,2215.88,0.0,0
INV1628,LMN Inc,2023-02-11,2023-10-01,2023-09-26,1802.49,1802.49,0.0,0
INV1629,PQR Enterprises,2023-08-23,2024-06-05,2024-06-05,4342.54,4342.54,0.0,0
INV1630,DEF Solutions,2023-02-18,2023-06-09,2023-06-29 00:00:00,4269.66,624.84,3644.8199999999997,137
INV1631,XYZ Ltd,2023-09-15,2024-02-06,2024-02-01,1749.22,1749.22,0.0,0
INV1632,XYZ Ltd,2023-11-02,2024-10-25,2024-10-20,2041.29,2041.29,0.0,0
INV1633,XYZ Ltd,2023-03-11,2023-09-13,2023-09-13,2769.18,2769.18,0.0,0
INV1634,ABC Corp,2023-11-22,2024-10-17,2024-10-22 00:00:00,3981.15,460.07,3521.08,151
INV1635,DEF Solutions,2023-10-23,2023-12-19,2024-01-18 00:00:00,1963.75,315.27,1648.48,196
INV1636,XYZ Ltd,2023-09-22,2023-12-18,2023-12-13,4373.4,4373.4,0.0,0
INV1637,ABC Corp,2023-02-11,2023-11-27,2023-11-17,2561.93,2561.93,0.0,0
INV1638,LMN Inc,2023-06-13,2024-02-04,2024-01-25,3181.84,3181.84,0.0,0
INV1639,ABC Corp,2023-01-21,2023-09-02,2023-08-23,3252.43,3252.43,0.0,0
INV1640,LMN Inc,2023-12-20,2024-04-15,2024-05-05 00:00:00,2297.33,2190.72,106.61000000000013,336
INV1641,DEF Solutions,2023-07-12,2023-11-24,,947.28,0.0,947.28,198
INV1642,LMN Inc,2023-02-23,2023-11-06,2023-10-27,699.81,699.81,0.0,0
INV1643,DEF Solutions,2023-10-06,2024-02-12,2024-02-07,3247.14,3247.14,0.0,0
INV1644,DEF Solutions,2023-04-01,2023-07-09,2023-07-29 00:00:00,4690.44,2513.22,2177.22,188
INV1645,XYZ Ltd,2023-05-08,2023-12-04,2023-12-14 00:00:00,2469.04,519.62,1949.42,124
INV1646,XYZ Ltd,2023-11-04,2024-05-16,2024-06-15 00:00:00,4345.38,453.91,3891.4700000000003,305
INV1647,ABC Corp,2023-07-05,2023-08-15,2023-08-15,1548.9,1548.9,0.0,0
INV1648,DEF Solutions,2023-02-15,2023-04-21,2023-04-21,1233.29,1233.29,0.0,0
INV1649,LMN Inc,2023-01-28,2023-05-22,2023-05-12,3690.09,3690.09,0.0,0
INV1650,LMN Inc,2023-01-04,2023-05-15,2023-05-10,3377.76,3377.76,0.0,0
INV1651,DEF Solutions,2023-11-03,2024-05-11,2024-05-01,3066.16,3066.16,0.0,0
INV1652,LMN Inc,2023-06-01,2024-01-30,2024-01-20,636.02,636.02,0.0,0
INV1653,DEF Solutions,2023-08-23,2024-05-12,2024-06-01 00:00:00,1274.38,505.12,769.2600000000001,309
INV1654,PQR Enterprises,2023-02-10,2024-01-11,2024-01-01,3717.3,3717.3,0.0,0
INV1655,LMN Inc,2023-10-11,2024-03-09,2024-03-04,3850.91,3850.91,0.0,0
INV1656,LMN Inc,2023-04-10,2024-03-17,2024-04-06 00:00:00,4014.45,425.11,3589.3399999999997,82
INV1657,LMN Inc,2023-10-09,2024-01-29,2024-01-19,2097.44,2097.44,0.0,0
INV1658,PQR Enterprises,2023-04-10,2023-07-11,2023-07-06,3677.53,3677.53,0.0,0
INV1659,LMN Inc,2023-12-25,2024-10-06,2024-09-26,2524.18,2524.18,0.0,0
INV1660,DEF Solutions,2023-07-01,2024-04-06,2024-03-27,2044.18,2044.18,0.0,0
INV1661,LMN Inc,2023-10-17,2024-09-15,2024-09-20 00:00:00,1752.35,611.22,1141.1299999999999,183
INV1662,PQR Enterprises,2023-05-28,2024-02-24,2024-02-14,4716.03,4716.03,0.0,0
INV1663,ABC Corp,2023-02-01,2024-01-01,2023-12-27,1940.45,1940.45,0.0,0
INV1664,DEF Solutions,2023-02-02,2023-07-19,2023-07-09,2755.73,2755.73,0.0,0
INV1665,DEF Solutions,2023-08-20,2024-02-05,2024-01-31,4336.61,4336.61,0.0,0
INV1666,ABC Corp,2023-12-01,2024-10-26,2024-11-05 00:00:00,552.01,399.46,152.55,142
INV1667,PQR Enterprises,2023-10-19,2024-03-09,2024-03-29 00:00:00,3065.12,2864.2,200.92000000000007,186
INV1668,XYZ Ltd,2023-05-15,2024-03-11,2024-03-11,3663.83,3663.83,0.0,0
INV1669,ABC Corp,2023-04-12,2024-03-07,2024-03-07,3031.42,3031.42,0.0,0
INV1670,LMN Inc,2023-06-06,2023-11-18,2023-11-28 00:00:00,2999.96,2664.34,335.6199999999999,108
INV1671,PQR Enterprises,2023-05-08,2023-12-06,2023-11-26,3846.57,3846.57,0.0,0
INV1672,PQR Enterprises,2023-08-19,2024-06-10,2024-06-10,4323.16,4323.16,0.0,0
INV1673,PQR Enterprises,2023-07-09,2024-04-12,2024-04-07,2957.21,2957.21,0.0,0
INV1674,DEF Solutions,2023-12-10,2024-12-09,2024-12-09,4392.1,4392.1,0.0,0
INV1675,ABC Corp,2023-09-06,2023-10-31,2023-10-21,4136.67,4136.67,0.0,0
INV1676,ABC Corp,2023-01-12,2023-04-08,2023-04-03,1205.02,1205.02,0.0,0
INV1677,PQR Enterprises,2023-12-01,2024-03-13,2024-03-13,1070.36,1070.36,0.0,0
INV1678,LMN Inc,2023-02-25,2023-06-21,2023-06-21,1063.92,1063.92,0.0,0
INV1679,ABC Corp,2023-06-19,2024-02-17,2024-02-07,2852.29,2852.29,0.0,0
INV1680,PQR Enterprises,2023-08-23,2024-04-04,,539.5,0.0,539.5,347
INV1681,ABC Corp,2023-04-15,2024-02-15,2024-02-10,3406.44,3406.44,0.0,0
INV1682,ABC Corp,2023-11-02,2024-06-27,2024-06-22,581.49,581.49,0.0,0
INV1683,LMN Inc,2023-08-01,2024-07-16,2024-07-11,2330.58,2330.58,0.0,0
INV1684,PQR Enterprises,2023-11-25,2024-10-17,2024-10-12,2417.03,2417.03,0.0,0
INV1685,DEF Solutions,2023-07-12,2023-09-10,2023-08-31,4218.79,4218.79,0.0,0
INV1686,XYZ Ltd,2023-08-28,2023-11-14,2023-12-04 00:00:00,1007.39,580.34,427.04999999999995,66
INV1687,PQR Enterprises,2023-12-19,2024-06-29,2024-06-19,4373.06,4373.06,0.0,0
INV1688,XYZ Ltd,2023-12-21,2024-06-03,2024-05-29,2156.82,2156.82,0.0,0
INV1689,ABC Corp,2023-06-19,2024-06-15,2024-06-15,4336.73,4336.73,0.0,0
INV1690,ABC Corp,2023-05-05,2023-10-29,2023-10-24,1132.54,1132.54,0.0,0
INV1691,LMN Inc,2023-03-24,2024-01-10,2023-12-31,3101.92,3101.92,0.0,0
INV1692,ABC Corp,2023-11-17,2024-02-11,2024-02-11,559.67,559.67,0.0,0
INV1693,LMN Inc,2023-05-11,2023-11-04,2023-10-25,3230.37,3230.37,0.0,0
INV1694,PQR Enterprises,2023-12-05,2024-11-28,2024-11-28,3323.38,3323.38,0.0,0
INV1695,XYZ Ltd,2023-09-15,2023-10-17,2023-10-17,638.64,638.64,0.0,0
INV1696,DEF Solutions,2023-07-03,2024-01-30,,1350.19,0.0,1350.19,177
INV1697,ABC Corp,2023-02-24,2023-05-04,2023-05-04,2097.52,2097.52,0.0,0
INV1698,ABC Corp,2023-11-03,2024-10-21,2024-10-21,2130.35,2130.35,0.0,0
INV1699,XYZ Ltd,2023-06-12,2023-08-07,2023-07-28,1408.15,1408.15,0.0,0
INV1700,XYZ Ltd,2023-07-15,2024-01-27,2024-01-22,1006.51,1006.51,0.0,0
INV1701,DEF Solutions,2023-09-19,2024-04-28,2024-04-28,934.44,934.44,0.0,0
INV1702,XYZ Ltd,2023-01-26,2023-10-06,2023-10-01,4520.54,4520.54,0.0,0
INV1703,LMN Inc,2023-04-12,2023-08-05,2023-07-31,2498.44,2498.44,0.0,0
INV1704,PQR Enterprises,2023-03-27,2023-06-27,2023-06-17,4838.69,4838.69,0.0,0
INV1705,LMN Inc,2023-06-24,2024-01-13,2024-01-08,1505.8,1505.8,0.0,0
INV1706,DEF Solutions,2023-03-25,2023-07-24,2023-08-23 00:00:00,4551.5,3104.37,1447.13,114
INV1707,ABC Corp,2023-01-15,2023-08-05,2023-08-05,2959.02,2959.02,0.0,0
INV1708,DEF Solutions,2023-03-25,2023-12-17,2023-12-07,4442.11,4442.11,0.0,0
INV1709,XYZ Ltd,2023-12-19,2024-05-23,2024-05-13,3286.19,3286.19,0.0,0
INV1710,LMN Inc,2023-08-10,2023-12-12,2023-12-07,1640.98,1640.98,0.0,0
INV1711,ABC Corp,2023-07-24,2024-04-27,2024-04-27,688.18,688.18,0.0,0
INV1712,ABC Corp,2023-02-22,2024-01-16,2024-01-31 00:00:00,4048.63,2432.72,1615.9100000000003,169
INV1713,LMN Inc,2023-01-13,2023-07-15,2023-07-15,2494.41,2494.41,0.0,0
INV1714,ABC Corp,2023-02-27,2023-06-26,2023-06-21,2305.6,2305.6,0.0,0
INV1715,ABC Corp,2023-10-12,2024-10-01,2024-10-01,3609.8,3609.8,0.0,0
INV1716,ABC Corp,2023-06-06,2024-03-09,,4481.86,0.0,4481.86,136
INV1717,PQR Enterprises,2023-12-04,2024-03-21,2024-03-21,4703.13,4703.13,0.0,0
INV1718,PQR Enterprises,2023-02-16,2023-04-27,2023-04-27,1860.12,1860.12,0.0,0
INV1719,DEF Solutions,2023-02-03,2023-06-08,2023-05-29,1310.15,1310.15,0.0,0
INV1720,XYZ Ltd,2023-05-09,2023-06-23,2023-06-13,4918.35,4918.35,0.0,0
INV1721,PQR Enterprises,2023-11-28,2024-06-16,2024-06-16,2947.58,2947.58,0.0,0
INV1722,XYZ Ltd,2023-09-11,2024-05-06,2024-05-01,3573.24,3573.24,0.0,0
INV1723,ABC Corp,2023-05-03,2023-11-26,2023-11-26,1820.49,1820.49,0.0,0
INV1724,PQR Enterprises,2023-06-03,2023-07-12,2023-07-17 00:00:00,1757.64,649.06,1108.5800000000002,141
INV1725,DEF Solutions,2023-10-22,2024-01-05,2023-12-26,2678.07,2678.07,0.0,0
INV1726,ABC Corp,2023-06-04,2024-01-15,2024-01-10,733.44,733.44,0.0,0
INV1727,LMN Inc,2023-06-03,2023-07-15,2023-07-10,1963.64,1963.64,0.0,0
INV1728,PQR Enterprises,2023-05-08,2023-07-06,2023-07-01,2855.84,2855.84,0.0,0
INV1729,PQR Enterprises,2023-10-26,2024-04-07,2024-04-07,2548.67,2548.67,0.0,0
INV1730,ABC Corp,2023-09-17,2023-11-24,2023-11-19,4190.81,4190.81,0.0,0
INV1731,LMN Inc,2023-07-14,2023-10-29,2023-10-19,1560.11,1560.11,0.0,0
INV1732,XYZ Ltd,2023-05-04,2024-04-07,2024-04-07,3388.69,3388.69,0.0,0
INV1733,ABC Corp,2023-12-22,2024-09-23,2024-09-18,4236.94,4236.94,0.0,0
INV1734,ABC Corp,2023-06-26,2024-01-27,2024-01-27,3046.11,3046.11,0.0,0
INV1735,LMN Inc,2023-06-01,2024-05-02,2024-05-02,3039.44,3039.44,0.0,0
INV1736,PQR Enterprises,2023-11-08,2024-07-30,2024-07-25,3224.07,3224.07,0.0,0
INV1737,DEF Solutions,2023-08-26,2024-05-27,2024-06-01 00:00:00,3175.73,1942.03,1233.7,294
INV1738,ABC Corp,2023-11-02,2024-05-08,2024-05-08,3205.3,3205.3,0.0,0
INV1739,ABC Corp,2023-03-21,2023-11-27,2023-11-27,3594.03,3594.03,0.0,0
INV1740,ABC Corp,2023-10-18,2024-09-20,2024-09-20,4684.68,4684.68,0.0,0
INV1741,DEF Solutions,2023-01-16,2023-10-22,2023-10-17,1093.99,1093.99,0.0,0
INV1742,DEF Solutions,2023-06-25,2024-01-10,2024-02-09 00:00:00,2946.66,1889.54,1057.12,78
INV1743,DEF Solutions,2023-05-16,2024-03-01,2024-02-25,2236.69,2236.69,0.0,0
INV1744,LMN Inc,2023-07-21,2023-09-21,2023-09-11,1121.29,1121.29,0.0,0
INV1745,LMN Inc,2023-06-06,2024-03-15,2024-03-05,1767.02,1767.02,0.0,0
INV1746,XYZ Ltd,2023-02-01,2023-03-14,,3454.49,0.0,3454.49,177
INV1747,LMN Inc,2023-10-28,2024-10-22,,925.29,0.0,925.29,146
INV1748,LMN Inc,2023-07-06,2024-03-01,,846.34,0.0,846.34,120
INV1749,PQR Enterprises,2023-04-23,2023-08-02,2023-07-28,3990.42,3990.42,0.0,0
INV1750,DEF Solutions,2023-09-20,2023-11-05,2023-11-05,1342.65,1342.65,0.0,0
INV1751,DEF Solutions,2023-01-08,2023-08-10,2023-08-10,3588.55,3588.55,0.0,0
INV1752,DEF Solutions,2023-07-18,2024-03-20,2024-03-15,3086.93,3086.93,0.0,0
INV1753,PQR Enterprises,2023-06-17,2023-10-04,2023-10-04,4823.88,4823.88,0.0,0
INV1754,DEF Solutions,2023-05-25,2023-09-10,2023-09-10,2933.43,2933.43,0.0,0
INV1755,ABC Corp,2023-07-28,2024-05-17,,735.61,0.0,735.61,304
INV1756,DEF Solutions,2023-02-07,2023-07-12,2023-07-07,4503.89,4503.89,0.0,0
INV1757,PQR Enterprises,2023-10-17,2024-05-26,2024-05-16,743.43,743.43,0.0,0
INV1758,XYZ Ltd,2023-04-15,2024-02-28,2024-02-23,4114.64,4114.64,0.0,0
INV1759,ABC Corp,2023-02-23,2023-05-13,2023-05-13,768.73,768.73,0.0,0
INV1760,XYZ Ltd,2023-10-23,2024-10-17,,3163.05,0.0,3163.05,151
INV1761,LMN Inc,2023-04-19,2024-04-04,2024-05-04 00:00:00,4284.96,3672.14,612.8200000000002,347
INV1762,ABC Corp,2023-01-10,2023-10-09,2023-09-29,3373.43,3373.43,0.0,0
INV1763,PQR Enterprises,2023-01-13,2023-12-09,2023-11-29,1188.64,1188.64,0.0,0
INV1764,ABC Corp,2023-05-28,2023-09-10,2023-09-10,662.15,662.15,0.0,0
INV1765,XYZ Ltd,2023-01-01,2023-04-02,2023-04-02,2807.92,2807.92,0.0,0
INV1766,LMN Inc,2023-09-23,2024-04-11,2024-04-01,1010.86,1010.86,0.0,0
INV1767,DEF Solutions,2023-08-01,2024-02-04,2024-01-25,1210.36,1210.36,0.0,0
INV1768,XYZ Ltd,2023-09-16,2023-11-11,2023-11-21 00:00:00,3444.53,1961.03,1483.5000000000002,123
INV1769,ABC Corp,2023-05-28,2023-10-27,2023-10-22,3025.93,3025.93,0.0,0
INV1770,PQR Enterprises,2023-12-17,2024-07-31,2024-07-31,1184.26,1184.26,0.0,0
INV1771,LMN Inc,2023-05-27,2024-04-24,2024-05-09 00:00:00,505.4,341.81,163.58999999999997,327
INV1772,XYZ Ltd,2023-07-28,2023-10-05,2023-10-05,2844.52,2844.52,0.0,0
INV1773,ABC Corp,2023-02-09,2023-06-05,2023-06-10 00:00:00,625.71,130.59,495.12,127
INV1774,PQR Enterprises,2023-04-11,2023-06-08,2023-06-08,1080.78,1080.78,0.0,0
INV1775,XYZ Ltd,2023-12-15,2024-04-03,2024-04-03,2704.69,2704.69,0.0,0
INV1776,XYZ Ltd,2023-02-04,2024-01-31,2024-01-26,887.7,887.7,0.0,0
INV1777,XYZ Ltd,2023-05-24,2023-07-07,2023-07-07,4596.23,4596.23,0.0,0
INV1778,XYZ Ltd,2023-04-27,2024-01-18,2024-01-13,4542.45,4542.45,0.0,0
INV1779,ABC Corp,2023-08-01,2023-10-24,,3766.89,0.0,3766.89,185
INV1780,PQR Enterprises,2023-10-20,2023-12-16,2024-01-15 00:00:00,1805.23,1310.29,494.94000000000005,129
INV1781,XYZ Ltd,2023-08-06,2024-02-02,2024-02-02,4874.82,4874.82,0.0,0
INV1782,DEF Solutions,2023-06-03,2024-04-13,2024-04-03,2573.16,2573.16,0.0,0
INV1783,ABC Corp,2023-05-18,2024-02-05,2024-02-25 00:00:00,919.16,440.91,478.24999999999994,195
INV1784,ABC Corp,2023-06-21,2023-08-29,2023-08-29,1916.24,1916.24,0.0,0
INV1785,DEF Solutions,2023-03-09,2023-12-02,2023-11-27,2737.19,2737.19,0.0,0
INV1786,ABC Corp,2023-05-25,2024-01-23,2024-02-22 00:00:00,3924.93,537.93,3387.0,109
INV1787,DEF Solutions,2023-11-24,2024-06-21,2024-06-11,3159.52,3159.52,0.0,0
INV1788,PQR Enterprises,2023-07-17,2023-11-11,2023-11-16 00:00:00,4300.6,2175.78,2124.82,162
INV1789,XYZ Ltd,2023-09-28,2024-07-09,2024-06-29,3080.27,3080.27,0.0,0
INV1790,XYZ Ltd,2023-07-10,2023-08-24,2023-08-19,4388.04,4388.04,0.0,0
INV1791,LMN Inc,2023-08-11,2024-03-21,2024-03-21,4243.45,4243.45,0.0,0
INV1792,ABC Corp,2023-12-07,2024-05-06,2024-04-26,4972.58,4972.58,0.0,0
INV1793,ABC Corp,2023-07-28,2023-12-20,2023-12-10,2823.34,2823.34,0.0,0
INV1794,LMN Inc,2023-09-05,2023-10-06,2023-10-01,2246.11,2246.11,0.0,0
INV1795,ABC Corp,2023-02-18,2023-07-20,2023-07-20,544.71,544.71,0.0,0
INV1796,ABC Corp,2023-05-24,2023-11-03,2023-10-29,4002.46,4002.46,0.0,0
INV1797,PQR Enterprises,2023-05-04,2024-01-29,2024-01-19,3540.36,3540.36,0.0,0
INV1798,DEF Solutions,2023-09-27,2024-04-10,2024-04-10,4629.54,4629.54,0.0,0
INV1799,LMN Inc,2023-01-06,2023-08-03,2023-07-24,2894.62,2894.62,0.0,0
INV1800,XYZ Ltd,2023-09-17,2023-11-04,2023-10-25,2810.75,2810.75,0.0,0
INV1801,ABC Corp,2023-04-22,2024-03-23,2024-03-23,881.91,881.91,0.0,0
INV1802,PQR Enterprises,2023-08-16,2023-12-19,2023-12-14,3925.67,3925.67,0.0,0
INV1803,DEF Solutions,2023-11-09,2024-10-27,2024-10-27,1920.25,1920.25,0.0,0
INV1804,XYZ Ltd,2023-11-17,2024-01-03,2024-01-03,1167.71,1167.71,0.0,0
INV1805,LMN Inc,2023-02-05,2023-10-13,2023-10-13,4601.01,4601.01,0.0,0
INV1806,ABC Corp,2023-05-13,2024-03-16,2024-03-16,3650.27,3650.27,0.0,0
INV1807,ABC Corp,2023-11-10,2024-06-24,2024-06-14,4779.69,4779.69,0.0,0
INV1808,LMN Inc,2023-09-26,2024-01-07,2024-01-02,509.33,509.33,0.0,0
INV1809,ABC Corp,2023-05-09,2024-03-14,2024-03-04,3277.87,3277.87,0.0,0
INV1810,LMN Inc,2023-01-09,2023-08-13,2023-08-03,3992.71,3992.71,0.0,0
INV1811,ABC Corp,2023-03-19,2023-08-02,2023-07-23,995.58,995.58,0.0,0
INV1812,PQR Enterprises,2023-06-04,2024-05-25,2024-05-25,4305.16,4305.16,0.0,0
INV1813,XYZ Ltd,2023-01-08,2023-12-17,2023-12-12,3868.17,3868.17,0.0,0
INV1814,PQR Enterprises,2023-09-18,2024-04-25,2024-05-25 00:00:00,4269.87,1399.07,2870.8,326
INV1815,DEF Solutions,2023-04-04,2024-03-26,2024-03-16,2372.14,2372.14,0.0,0
INV1816,XYZ Ltd,2023-09-16,2024-08-26,2024-08-26,4951.56,4951.56,0.0,0
INV1817,XYZ Ltd,2023-11-21,2024-10-08,2024-10-03,1286.19,1286.19,0.0,0
INV1818,DEF Solutions,2023-04-10,2023-07-01,2023-07-01,4094.16,4094.16,0.0,0
INV1819,ABC Corp,2023-01-01,2023-10-25,2023-10-30 00:00:00,1786.7,1484.94,301.76,208
INV1820,PQR Enterprises,2023-02-08,2023-09-06,2023-09-11 00:00:00,514.58,150.3,364.28000000000003,205
INV1821,LMN Inc,2023-10-22,2024-10-18,2024-10-18,1452.91,1452.91,0.0,0
INV1822,XYZ Ltd,2023-11-23,2024-05-18,2024-05-18,4922.87,4922.87,0.0,0
INV1823,PQR Enterprises,2023-02-18,2023-12-22,2023-12-22,2455.67,2455.67,0.0,0
INV1824,PQR Enterprises,2023-09-04,2023-11-29,2023-12-04 00:00:00,3372.47,2680.08,692.3899999999999,146
INV1825,ABC Corp,2023-02-02,2024-01-09,2023-12-30,2773.7,2773.7,0.0,0
INV1826,PQR Enterprises,2023-11-10,2024-07-14,2024-07-14,3390.03,3390.03,0.0,0
INV1827,DEF Solutions,2023-10-12,2024-08-01,,4840.49,0.0,4840.49,228
INV1828,ABC Corp,2023-02-21,2023-07-04,2023-07-04,784.2,784.2,0.0,0
INV1829,ABC Corp,2023-07-01,2024-03-11,2024-03-06,1068.66,1068.66,0.0,0
INV1830,PQR Enterprises,2023-08-22,2024-04-22,2024-04-12,1325.3,1325.3,0.0,0
INV1831,ABC Corp,2023-01-10,2023-10-30,2023-10-20,4713.41,4713.41,0.0,0
INV1832,LMN Inc,2023-05-28,2023-08-29,2023-08-24,4710.72,4710.72,0.0,0
INV1833,LMN Inc,2023-08-18,2024-06-25,2024-06-25,1436.33,1436.33,0.0,0
INV1834,XYZ Ltd,2023-06-21,2024-04-16,2024-04-16,4124.86,4124.86,0.0,0
INV1835,ABC Corp,2023-05-12,2023-07-18,2023-07-18,3155.83,3155.83,0.0,0
INV1836,LMN Inc,2023-11-17,2023-12-23,,3498.52,0.0,3498.52,145
INV1837,LMN Inc,2023-07-17,2023-08-30,2023-09-19 00:00:00,4224.48,1517.71,2706.7699999999995,140
INV1838,LMN Inc,2023-12-15,2024-01-14,2024-01-09,3863.47,3863.47,0.0,0
INV1839,ABC Corp,2023-09-02,2024-04-22,2024-04-12,4894.25,4894.25,0.0,0
INV1840,LMN Inc,2023-12-23,2024-07-09,2024-07-04,1046.14,1046.14,0.0,0
INV1841,LMN Inc,2023-09-10,2024-05-22,2024-05-17,3194.27,3194.27,0.0,0
INV1842,PQR Enterprises,2023-10-26,2024-05-27,2024-06-16 00:00:00,4304.84,3905.6,399.24000000000024,294
INV1843,PQR Enterprises,2023-09-01,2024-08-05,2024-08-05,921.74,921.74,0.0,0
INV1844,ABC Corp,2023-02-18,2023-06-08,2023-06-13 00:00:00,1109.16,301.25,807.9100000000001,165
INV1845,ABC Corp,2023-04-14,2024-02-23,2024-02-13,1408.49,1408.49,0.0,0
INV1846,ABC Corp,2023-08-09,2023-12-23,2023-12-13,2383.03,2383.03,0.0,0
INV1847,LMN Inc,2023-01-09,2023-09-28,2023-09-18,4665.34,4665.34,0.0,0
INV1848,PQR Enterprises,2023-02-11,2023-07-03,2023-06-23,2812.8,2812.8,0.0,0
INV1849,LMN Inc,2023-05-03,2023-10-17,2023-10-12,3557.04,3557.04,0.0,0
INV1850,XYZ Ltd,2023-07-09,2023-10-05,2023-10-10 00:00:00,1695.58,987.03,708.55,125
INV1851,XYZ Ltd,2023-07-17,2023-12-15,,1779.68,0.0,1779.68,166
INV1852,ABC Corp,2023-12-26,2024-09-03,2024-08-29,4045.22,4045.22,0.0,0
INV1853,PQR Enterprises,2023-06-24,2023-10-28,2023-10-28,1729.98,1729.98,0.0,0
INV1854,LMN Inc,2023-10-23,2024-05-30,2024-05-25,604.31,604.31,0.0,0
INV1855,DEF Solutions,2023-07-22,2024-07-17,2024-07-12,561.7,561.7,0.0,0
INV1856,PQR Enterprises,2023-07-16,2024-02-25,2024-02-15,1199.48,1199.48,0.0,0
INV1857,DEF Solutions,2023-04-02,2024-01-03,2024-01-03,2544.33,2544.33,0.0,0
INV1858,LMN Inc,2023-11-12,2024-09-15,,715.37,0.0,715.37,183
INV1859,XYZ Ltd,2023-12-27,2024-12-19,2024-12-19,1326.14,1326.14,0.0,0
INV1860,XYZ Ltd,2023-08-04,2024-05-25,2024-06-09 00:00:00,3803.55,927.87,2875.6800000000003,296
INV1861,PQR Enterprises,2023-11-13,2024-04-23,2024-04-23,2422.24,2422.24,0.0,0
INV1862,ABC Corp,2023-01-25,2023-02-28,2023-02-28,2764.23,2764.23,0.0,0
INV1863,DEF Solutions,2023-05-25,2024-03-08,2024-02-27,3822.74,3822.74,0.0,0
INV1864,DEF Solutions,2023-01-24,2023-09-28,2023-09-18,4782.38,4782.38,0.0,0
INV1865,XYZ Ltd,2023-11-09,2024-01-28,2024-01-28,3939.81,3939.81,0.0,0
INV1866,PQR Enterprises,2023-02-08,2023-08-29,2023-09-18 00:00:00,3491.31,1777.44,1713.87,111
INV1867,XYZ Ltd,2023-05-02,2023-09-06,2023-08-27,3655.3,3655.3,0.0,0
INV1868,PQR Enterprises,2023-12-28,2024-03-22,2024-03-12,1794.31,1794.31,0.0,0
INV1869,ABC Corp,2023-03-23,2023-08-12,2023-08-17 00:00:00,3283.11,3055.55,227.55999999999995,68
INV1870,DEF Solutions,2023-07-27,2024-04-21,2024-04-11,718.04,718.04,0.0,0
INV1871,LMN Inc,2023-01-16,2023-06-22,2023-06-22,698.08,698.08,0.0,0
INV1872,PQR Enterprises,2023-01-27,2023-12-29,2023-12-24,2399.37,2399.37,0.0,0
INV1873,DEF Solutions,2023-07-20,2023-10-12,2023-10-07,1388.59,1388.59,0.0,0
INV1874,XYZ Ltd,2023-04-02,2023-08-31,2023-08-21,4253.93,4253.93,0.0,0
INV1875,PQR Enterprises,2023-08-11,2024-06-01,2024-06-06 00:00:00,2772.72,1762.84,1009.8799999999999,289
INV1876,ABC Corp,2023-05-15,2023-11-20,,3650.21,0.0,3650.21,95
INV1877,LMN Inc,2023-01-04,2023-02-18,2023-02-18,3985.54,3985.54,0.0,0
INV1878,DEF Solutions,2023-04-02,2023-08-20,2023-08-20,2822.68,2822.68,0.0,0
INV1879,ABC Corp,2023-03-20,2024-02-08,2024-02-23 00:00:00,2559.42,1046.76,1512.66,87
INV1880,XYZ Ltd,2023-11-20,2024-06-18,2024-06-13,2025.19,2025.19,0.0,0
INV1881,LMN Inc,2023-04-21,2023-08-18,2023-08-18,985.41,985.41,0.0,0
INV1882,ABC Corp,2023-11-09,2024-02-27,2024-02-27,2500.12,2500.12,0.0,0
INV1883,LMN Inc,2023-09-14,2024-03-26,2024-03-16,3467.98,3467.98,0.0,0
INV1884,ABC Corp,2023-04-19,2024-04-02,2024-04-02,4827.26,4827.26,0.0,0
INV1885,XYZ Ltd,2023-11-11,2024-01-27,2024-01-17,1328.2,1328.2,0.0,0
INV1886,XYZ Ltd,2023-07-14,2024-02-20,2024-02-15,2679.16,2679.16,0.0,0
INV1887,ABC Corp,2023-06-23,2023-07-30,2023-07-25,1483.01,1483.01,0.0,0
INV1888,DEF Solutions,2023-02-26,2023-07-21,2023-07-16,4101.34,4101.34,0.0,0
INV1889,ABC Corp,2023-12-21,2024-03-12,2024-03-07,513.15,513.15,0.0,0
INV1890,ABC Corp,2023-11-03,2024-07-07,2024-07-02,3484.72,3484.72,0.0,0
INV1891,PQR Enterprises,2023-11-09,2024-05-08,2024-05-03,1768.57,1768.57,0.0,0
INV1892,DEF Solutions,2023-09-02,2024-03-04,2024-03-04,2991.63,2991.63,0.0,0
INV1893,PQR Enterprises,2023-01-02,2023-12-14,2023-12-09,2899.31,2899.31,0.0,0
INV1894,ABC Corp,2023-02-25,2023-11-28,2023-11-18,3307.93,3307.93,0.0,0
INV1895,LMN Inc,2023-06-25,2023-10-25,2023-10-25,649.66,649.66,0.0,0
INV1896,LMN Inc,2023-11-01,2023-12-10,2023-12-10,2113.65,2113.65,0.0,0
INV1897,LMN Inc,2023-09-24,2024-09-22,2024-09-12,1458.6,1458.6,0.0,0
INV1898,PQR Enterprises,2023-01-22,2023-10-28,2023-10-28,523.68,523.68,0.0,0
INV1899,XYZ Ltd,2023-08-25,2023-12-15,2023-12-25 00:00:00,3921.7,3178.15,743.5499999999997,187
INV1900,DEF Solutions,2023-04-12,2023-12-06,2023-12-06,3824.56,3824.56,0.0,0
INV1901,PQR Enterprises,2023-05-13,2023-10-20,2023-10-15,4912.69,4912.69,0.0,0
INV1902,PQR Enterprises,2023-11-10,2024-10-16,2024-10-11,1006.6,1006.6,0.0,0
INV1903,LMN Inc,2023-03-11,2023-07-10,2023-06-30,3684.03,3684.03,0.0,0
INV1904,DEF Solutions,2023-04-12,2023-10-13,2023-10-08,2408.56,2408.56,0.0,0
INV1905,LMN Inc,2023-05-23,2023-07-09,2023-06-29,1904.9,1904.9,0.0,0
INV1906,ABC Corp,2023-11-25,2024-02-26,2024-02-21,4272.83,4272.83,0.0,0
INV1907,ABC Corp,2023-12-05,2024-11-09,2024-11-29 00:00:00,1769.18,232.86,1536.3200000000002,128
INV1908,DEF Solutions,2023-10-12,2024-01-10,2024-02-09 00:00:00,1204.73,458.67,746.06,197
INV1909,DEF Solutions,2023-10-13,2023-11-14,,1683.14,0.0,1683.14,80
INV1910,ABC Corp,2023-10-04,2024-09-17,2024-09-07,3481.06,3481.06,0.0,0
INV1911,XYZ Ltd,2023-12-06,2024-08-13,2024-08-08,2268.76,2268.76,0.0,0
INV1912,ABC Corp,2023-11-25,2024-08-25,2024-08-25,2283.93,2283.93,0.0,0
INV1913,DEF Solutions,2023-05-21,2023-09-21,2023-09-21,1149.31,1149.31,0.0,0
INV1914,ABC Corp,2023-06-25,2023-09-14,2023-09-19 00:00:00,3855.92,477.73,3378.19,202
INV1915,PQR Enterprises,2023-06-17,2024-01-07,2024-01-17 00:00:00,1791.28,1449.3,341.98,124
INV1916,PQR Enterprises,2023-01-05,2023-12-17,,3212.38,0.0,3212.38,109
INV1917,ABC Corp,2023-06-08,2024-03-14,2024-03-09,764.38,764.38,0.0,0
INV1918,LMN Inc,2023-09-22,2023-11-01,2023-11-21 00:00:00,3597.52,1973.88,1623.6399999999999,194
INV1919,LMN Inc,2023-07-16,2024-02-04,2024-02-14 00:00:00,3178.53,1553.65,1624.88,165
INV1920,XYZ Ltd,2023-02-05,2023-06-27,,1051.93,0.0,1051.93,179
INV1921,XYZ Ltd,2023-07-13,2023-12-15,2023-12-15,2731.14,2731.14,0.0,0
INV1922,PQR Enterprises,2023-04-26,2023-11-19,2023-11-09,3258.24,3258.24,0.0,0
INV1923,DEF Solutions,2023-04-04,2023-06-02,2023-06-17 00:00:00,2744.7,650.82,2093.8799999999997,206
INV1924,LMN Inc,2023-12-03,2024-01-08,2024-01-03,2440.8,2440.8,0.0,0
INV1925,PQR Enterprises,2023-06-13,2024-05-18,2024-05-08,954.26,954.26,0.0,0
INV1926,XYZ Ltd,2023-09-13,2024-02-01,2024-01-27,2434.96,2434.96,0.0,0
INV1927,XYZ Ltd,2023-04-15,2023-06-30,2023-06-30,2783.17,2783.17,0.0,0
INV1928,DEF Solutions,2023-08-18,2024-07-14,2024-07-04,3410.43,3410.43,0.0,0
INV1929,DEF Solutions,2023-10-05,2024-09-08,2024-09-08,4781.2,4781.2,0.0,0
INV1930,XYZ Ltd,2023-10-08,2024-01-15,2024-01-20 00:00:00,2204.17,423.16,1781.01,102
INV1931,ABC Corp,2023-11-10,2024-03-12,2024-03-27 00:00:00,1743.36,229.61,1513.75,81
INV1932,PQR Enterprises,2023-06-08,2024-01-17,2024-01-07,4059.42,4059.42,0.0,0
INV1933,PQR Enterprises,2023-05-06,2023-08-28,2023-08-28,4052.66,4052.66,0.0,0
INV1934,XYZ Ltd,2023-07-24,2024-01-28,2024-01-23,2041.6,2041.6,0.0,0
INV1935,ABC Corp,2023-03-28,2023-08-17,2023-08-12,1343.56,1343.56,0.0,0
INV1936,LMN Inc,2023-08-21,2024-08-08,2024-08-08,829.77,829.77,0.0,0
INV1937,XYZ Ltd,2023-02-27,2024-01-27,2024-02-06 00:00:00,2612.63,2145.31,467.32000000000016,131
INV1938,DEF Solutions,2023-02-18,2023-09-25,2023-09-15,4717.63,4717.63,0.0,0
INV1939,ABC Corp,2023-06-03,2023-09-12,2023-09-02,4388.2,4388.2,0.0,0
INV1940,LMN Inc,2023-09-26,2024-03-18,2024-03-28 00:00:00,2551.62,1573.51,978.1099999999999,364
INV1941,XYZ Ltd,2023-04-26,2023-07-03,2023-06-23,4207.56,4207.56,0.0,0
INV1942,ABC Corp,2023-04-19,2023-07-21,2023-07-16,3876.98,3876.98,0.0,0
INV1943,ABC Corp,2023-11-09,2024-05-25,2024-06-14 00:00:00,3360.52,671.1,2689.42,296
INV1944,DEF Solutions,2023-09-27,2023-12-21,2023-12-26 00:00:00,3400.09,1554.49,1845.6000000000001,194
INV1945,LMN Inc,2023-05-08,2023-09-05,2023-09-25 00:00:00,4317.69,90.79,4226.9,81
INV1946,ABC Corp,2023-09-17,2024-01-23,2024-01-13,1472.27,1472.27,0.0,0
INV1947,DEF Solutions,2023-09-18,2024-06-22,2024-06-17,4735.34,4735.34,0.0,0
INV1948,ABC Corp,2023-03-13,2024-01-26,2024-01-21,685.17,685.17,0.0,0
INV1949,ABC Corp,2023-07-08,2023-12-09,2024-01-08 00:00:00,1633.82,1598.21,35.6099999999999,194
INV1950,PQR Enterprises,2023-12-19,2024-01-26,2024-01-16,2211.88,2211.88,0.0,0
INV1951,DEF Solutions,2023-01-12,2023-08-04,2023-07-30,4905.3,4905.3,0.0,0
INV1952,PQR Enterprises,2023-07-14,2024-02-13,2024-02-08,2722.98,2722.98,0.0,0
INV1953,XYZ Ltd,2023-04-27,2023-12-29,2023-12-19,4956.29,4956.29,0.0,0
INV1954,ABC Corp,2023-01-01,2023-05-26,2023-06-10 00:00:00,2327.13,91.52,2235.61,175
INV1955,DEF Solutions,2023-11-01,2024-03-07,2024-03-07,1771.57,1771.57,0.0,0
INV1956,PQR Enterprises,2023-10-27,2024-07-26,2024-07-21,3860.6,3860.6,0.0,0
INV1957,LMN Inc,2023-08-14,2024-06-28,2024-06-18,4372.89,4372.89,0.0,0
INV1958,LMN Inc,2023-06-27,2024-06-20,2024-06-15,2560.2,2560.2,0.0,0
INV1959,ABC Corp,2023-05-02,2023-06-04,2023-05-25,2162.93,2162.93,0.0,0
INV1960,PQR Enterprises,2023-10-20,2024-06-16,2024-06-06,996.08,996.08,0.0,0
INV1961,DEF Solutions,2023-12-27,2024-02-06,2024-02-06,1996.62,1996.62,0.0,0
INV1962,LMN Inc,2023-06-24,2023-12-18,2023-12-18,2332.12,2332.12,0.0,0
INV1963,LMN Inc,2023-02-03,2023-11-07,2023-10-28,1959.13,1959.13,0.0,0
INV1964,ABC Corp,2023-01-06,2023-03-29,2023-03-24,3318.57,3318.57,0.0,0
INV1965,ABC Corp,2023-03-14,2023-07-24,2023-07-19,4931.42,4931.42,0.0,0
INV1966,XYZ Ltd,2023-08-28,2024-01-01,2023-12-22,505.11,505.11,0.0,0
INV1967,LMN Inc,2023-09-15,2024-02-08,2024-02-03,2213.04,2213.04,0.0,0
INV1968,LMN Inc,2023-03-13,2023-12-17,2023-12-12,4623.08,4623.08,0.0,0
INV1969,DEF Solutions,2023-09-22,2024-07-22,2024-07-12,1030.94,1030.94,0.0,0
INV1970,DEF Solutions,2023-04-14,2024-01-23,2024-01-13,3378.78,3378.78,0.0,0
INV1971,PQR Enterprises,2023-06-10,2023-08-27,2023-08-17,2077.97,2077.97,0.0,0
INV1972,LMN Inc,2023-06-02,2024-01-18,2024-01-18,3725.43,3725.43,0.0,0
INV1973,LMN Inc,2023-10-28,2024-03-20,2024-03-15,3224.27,3224.27,0.0,0
INV1974,ABC Corp,2023-10-28,2024-08-13,2024-08-08,2913.15,2913.15,0.0,0
INV1975,XYZ Ltd,2023-05-17,2024-01-05,2023-12-26,2768.46,2768.46,0.0,0
INV1976,XYZ Ltd,2023-12-12,2024-09-06,2024-09-16 00:00:00,4664.59,3525.26,1139.33,192
INV1977,PQR Enterprises,2023-09-01,2024-07-27,2024-08-06 00:00:00,1994.38,207.57,1786.8100000000002,233
INV1978,PQR Enterprises,2023-12-11,2024-04-01,2024-03-22,2417.43,2417.43,0.0,0
INV1979,PQR Enterprises,2023-12-20,2024-04-25,2024-04-15,4679.33,4679.33,0.0,0
INV1980,LMN Inc,2023-01-06,2023-12-21,2023-12-21,1303.28,1303.28,0.0,0
INV1981,XYZ Ltd,2023-12-19,2024-09-17,2024-09-07,784.32,784.32,0.0,0
INV1982,LMN Inc,2023-01-27,2023-08-19,2023-08-19,734.22,734.22,0.0,0
INV1983,LMN Inc,2023-09-11,2023-10-19,2023-10-19,3395.57,3395.57,0.0,0
INV1984,ABC Corp,2023-10-22,2024-05-13,2024-05-08,1102.64,1102.64,0.0,0
INV1985,ABC Corp,2023-10-06,2024-04-08,2024-04-08,2840.45,2840.45,0.0,0
INV1986,PQR Enterprises,2023-05-05,2024-03-28,2024-03-23,3718.4,3718.4,0.0,0
INV1987,PQR Enterprises,2023-11-21,2024-03-16,2024-03-11,3660.94,3660.94,0.0,0
INV1988,XYZ Ltd,2023-09-24,2024-09-20,2024-09-20,4905.19,4905.19,0.0,0
INV1989,LMN Inc,2023-09-12,2024-08-23,2024-08-23,1309.94,1309.94,0.0,0
INV1990,DEF Solutions,2023-12-06,2024-05-01,2024-05-21 00:00:00,2460.59,2124.66,335.9300000000003,320
INV1991,XYZ Ltd,2023-06-07,2024-03-12,2024-03-02,2785.57,2785.57,0.0,0
INV1992,ABC Corp,2023-06-20,2023-08-13,2023-08-13,4228.08,4228.08,0.0,0
INV1993,PQR Enterprises,2023-03-13,2023-10-18,2023-10-18,4278.64,4278.64,0.0,0
INV1994,PQR Enterprises,2023-03-16,2023-09-26,2023-09-16,4638.48,4638.48,0.0,0
INV1995,PQR Enterprises,2023-03-25,2023-07-16,2023-07-16,3996.66,3996.66,0.0,0
INV1996,LMN Inc,2023-06-06,2024-04-09,2024-04-09,2120.41,2120.41,0.0,0
INV1997,PQR Enterprises,2023-03-06,2023-12-09,2023-12-04,1213.84,1213.84,0.0,0
INV1998,LMN Inc,2023-05-19,2024-01-11,2024-01-06,3780.98,3780.98,0.0,0
INV1999,PQR Enterprises,2023-10-14,2024-05-13,,2034.35,0.0,2034.35,308
